Bicentenario  2018;;;;;;;;;;;;;;
;;;;;;;;;;;;;;
;;;;;;;;;;;;;;
;;;;;;;;;;;;;;
FOLIO_UNICO;Sexo;Tramo_Edad;Eliminar la pobreza (1);Eliminar la pobreza (2);Eliminar la pobreza (3);Eliminar la pobreza (4);Ser un país desarrollado (1);Ser un país desarrollado (2);Ser un país desarrollado (3);Ser un país desarrollado (4);Detener el daño al medio ambiente (1);Detener el daño al medio ambiente (2);Detener el daño al medio ambiente (3);Detener el daño al medio ambiente (4)
1;1;5;9;2;9;9;9;9;3;9;9;2;9;9
2;2;5;9;2;9;9;9;2;9;9;9;2;9;9
3;2;3;1;9;9;9;9;2;9;9;9;2;9;9
4;1;1;1;9;9;9;1;9;9;9;9;2;9;9
5;2;1;9;2;9;9;9;9;3;9;9;2;9;9
6;1;5;9;2;9;9;9;9;3;9;1;9;9;9
7;1;1;9;2;9;9;9;2;9;9;9;2;9;9
8;2;5;9;2;9;9;9;9;3;9;9;2;9;9
9;2;3;9;2;9;9;9;2;9;9;1;9;9;9
10;1;4;9;2;9;9;9;2;9;9;9;9;9;9
11;2;4;9;9;3;9;9;2;9;9;9;9;3;9
12;2;3;1;9;9;9;9;2;9;9;9;2;9;9
13;2;3;9;2;9;9;9;2;9;9;9;9;3;9
14;1;4;9;2;9;9;1;9;9;9;9;2;9;9
15;2;2;9;2;9;9;9;2;9;9;1;9;9;9
16;2;3;9;2;9;9;9;9;3;9;1;9;9;9
17;2;2;9;2;9;9;9;2;9;9;9;9;3;9
18;1;5;9;9;3;9;9;9;3;9;9;2;9;9
19;2;3;9;2;9;9;9;9;3;9;9;9;3;9
20;1;2;9;2;9;9;9;2;9;9;9;2;9;9
21;1;5;9;2;9;9;9;2;9;9;1;9;9;9
22;2;2;9;2;9;9;9;2;9;9;9;2;9;9
23;2;5;1;9;9;9;9;9;3;9;9;2;9;9
24;2;2;9;9;3;9;9;9;3;9;9;9;3;9
25;2;4;1;9;9;9;1;9;9;9;9;2;9;9
26;1;2;9;2;9;9;9;9;3;9;9;9;3;9
27;1;1;9;2;9;9;9;9;3;9;9;2;9;9
28;1;5;9;2;9;9;9;9;3;9;9;2;9;9
29;1;1;9;2;9;9;1;9;9;9;9;2;9;9
30;2;2;9;9;3;9;9;9;3;9;9;9;3;9
31;2;2;9;2;9;9;9;9;3;9;9;9;3;9
32;2;3;9;2;9;9;9;2;9;9;9;9;3;9
33;2;3;9;2;9;9;9;2;9;9;9;9;3;9
34;1;1;9;2;9;9;9;2;9;9;1;9;9;9
35;2;2;9;2;9;9;9;9;3;9;9;9;3;9
36;1;3;9;9;3;9;9;9;3;9;9;2;9;9
37;1;2;9;9;3;9;1;9;9;9;1;9;9;9
38;2;4;9;2;9;9;9;2;9;9;9;2;9;9
39;1;5;9;2;9;9;9;2;9;9;9;2;9;9
40;1;2;9;9;3;9;9;9;3;9;9;9;3;9
41;2;3;9;2;9;9;9;9;3;9;9;9;3;9
42;1;3;9;2;9;9;9;2;9;9;9;2;9;9
43;2;1;1;9;9;9;9;2;9;9;9;2;9;9
44;2;2;9;2;9;9;9;2;9;9;9;2;9;9
45;1;3;9;9;3;9;9;9;3;9;9;9;3;9
46;2;3;9;2;9;9;1;9;9;9;9;2;9;9
47;2;2;9;2;9;9;9;9;3;9;1;9;9;9
48;2;4;9;2;9;9;9;2;9;9;9;2;9;9
49;1;5;9;2;9;9;9;2;9;9;9;2;9;9
50;1;4;9;2;9;9;9;2;9;9;9;2;9;9
51;1;2;9;9;3;9;9;9;3;9;9;9;3;9
52;2;1;9;2;9;9;9;2;9;9;9;9;3;9
53;1;2;9;2;9;9;9;2;9;9;9;9;3;9
54;2;5;9;9;3;9;9;9;9;4;9;2;9;9
55;1;2;1;9;9;9;9;2;9;9;9;2;9;9
56;1;5;9;2;9;9;9;2;9;9;9;2;9;9
57;1;4;9;2;9;9;9;2;9;9;9;2;9;9
58;1;4;9;2;9;9;9;9;3;9;9;2;9;9
59;2;5;9;2;9;9;9;9;3;9;1;9;9;9
60;2;2;9;2;9;9;9;2;9;9;9;9;3;9
61;2;5;9;2;9;9;9;2;9;9;1;9;9;9
62;2;4;1;9;9;9;9;2;9;9;1;9;9;9
63;1;4;9;2;9;9;9;2;9;9;9;2;9;9
64;2;2;1;9;9;9;1;9;9;9;9;2;9;9
65;1;5;9;2;9;9;9;2;9;9;9;2;9;9
66;2;2;1;9;9;9;9;9;9;4;9;9;9;4
67;2;1;9;9;3;9;9;9;3;9;9;2;9;9
68;2;4;9;2;9;9;9;2;9;9;1;9;9;9
69;2;2;9;2;9;9;9;9;3;9;9;2;9;9
70;2;4;9;2;9;9;9;2;9;9;9;9;3;9
71;1;4;9;2;9;9;9;2;9;9;9;2;9;9
72;2;2;9;2;9;9;9;9;3;9;1;9;9;9
73;2;1;9;2;9;9;9;9;3;9;9;2;9;9
74;2;1;9;2;9;9;9;9;3;9;1;9;9;9
75;2;5;9;9;3;9;9;2;9;9;9;2;9;9
76;2;2;9;9;3;9;9;2;9;9;9;2;9;9
77;1;4;9;2;9;9;9;2;9;9;9;2;9;9
78;2;1;9;2;9;9;9;9;3;9;9;2;9;9
79;2;1;9;9;3;9;9;9;3;9;1;9;9;9
80;2;3;9;9;3;9;9;9;3;9;9;9;3;9
81;2;5;9;9;3;9;9;9;3;9;9;9;3;9
82;1;4;9;2;9;9;9;2;9;9;9;2;9;9
83;1;3;9;2;9;9;9;2;9;9;9;2;9;9
84;1;1;9;2;9;9;9;9;3;9;1;9;9;9
85;1;2;9;9;3;9;9;9;3;9;9;9;3;9
86;2;3;9;9;3;9;9;9;3;9;1;9;9;9
87;1;2;9;9;3;9;9;9;3;9;9;9;3;9
88;2;1;9;2;9;9;9;9;3;9;1;9;9;9
89;2;2;1;9;9;9;9;2;9;9;9;2;9;9
90;2;2;9;9;3;9;9;9;3;9;1;9;9;9
91;2;2;9;2;9;9;9;2;9;9;9;2;9;9
92;2;3;9;9;3;9;9;9;3;9;9;9;3;9
93;1;4;9;9;3;9;9;2;9;9;9;9;3;9
94;1;2;9;2;9;9;9;2;9;9;9;9;3;9
95;2;4;1;9;9;9;9;2;9;9;1;9;9;9
96;2;2;9;2;9;9;9;2;9;9;9;9;3;9
97;1;4;9;2;9;9;9;2;9;9;9;9;3;9
98;2;3;9;2;9;9;9;2;9;9;9;9;3;9
99;2;2;9;2;9;9;9;2;9;9;9;9;3;9
100;2;1;9;2;9;9;9;9;3;9;9;9;3;9
101;2;1;9;2;9;9;9;9;3;9;9;9;3;9
102;2;5;9;2;9;9;9;9;3;9;1;9;9;9
103;2;4;9;2;9;9;9;9;3;9;9;2;9;9
104;1;3;9;2;9;9;9;9;3;9;9;9;3;9
105;2;3;1;9;9;9;1;9;9;9;1;9;9;9
106;2;5;9;2;9;9;9;2;9;9;9;9;3;9
107;1;4;9;2;9;9;9;9;3;9;1;9;9;9
108;1;5;1;9;9;9;9;2;9;9;9;9;3;9
109;2;3;9;9;3;9;9;9;3;9;9;9;3;9
110;2;1;9;2;9;9;9;2;9;9;9;9;3;9
111;2;3;9;2;9;9;9;2;9;9;9;2;9;9
112;1;4;9;2;9;9;9;2;9;9;9;2;9;9
113;2;2;9;2;9;9;9;2;9;9;9;9;3;9
114;1;2;9;9;3;9;9;2;9;9;1;9;9;9
115;2;4;9;2;9;9;1;9;9;9;9;9;3;9
116;1;2;1;9;9;9;9;2;9;9;9;9;3;9
117;2;2;9;2;9;9;9;9;3;9;9;9;3;9
118;2;3;9;9;3;9;9;9;3;9;9;2;9;9
119;1;1;9;2;9;9;9;2;9;9;9;2;9;9
120;2;1;9;9;9;4;9;9;9;4;9;9;9;4
121;2;2;9;2;9;9;9;9;3;9;9;9;9;9
122;1;2;9;2;9;9;9;9;3;9;9;2;9;9
123;2;2;9;9;3;9;9;9;3;9;9;2;9;9
124;2;3;9;9;3;9;9;9;9;4;9;9;9;4
125;2;4;9;2;9;9;9;9;3;9;9;2;9;9
126;2;5;1;9;9;9;1;9;9;9;1;9;9;9
127;1;2;9;2;9;9;9;9;3;9;9;9;3;9
128;2;2;9;9;3;9;9;9;3;9;9;2;9;9
129;1;1;9;2;9;9;9;2;9;9;9;9;3;9
130;1;2;9;9;3;9;9;9;3;9;9;2;9;9
131;2;3;1;9;9;9;9;9;3;9;9;2;9;9
132;2;1;9;2;9;9;9;2;9;9;9;2;9;9
133;2;5;9;2;9;9;9;2;9;9;1;9;9;9
134;2;1;9;9;3;9;9;9;3;9;9;9;3;9
135;2;1;9;9;3;9;9;9;3;9;9;9;3;9
136;2;5;1;9;9;9;9;2;9;9;1;9;9;9
137;1;4;9;9;3;9;9;9;9;4;9;9;3;9
138;1;5;9;2;9;9;9;2;9;9;9;2;9;9
139;2;2;1;9;9;9;1;9;9;9;9;2;9;9
140;2;2;9;2;9;9;9;2;9;9;9;2;9;9
141;2;1;9;2;9;9;9;2;9;9;9;9;9;9
142;1;3;9;2;9;9;9;9;3;9;9;9;3;9
143;1;1;9;9;9;4;9;9;3;9;1;9;9;9
144;1;3;9;9;3;9;9;9;3;9;1;9;9;9
145;2;4;9;2;9;9;9;2;9;9;1;9;9;9
146;2;3;9;2;9;9;9;9;3;9;9;9;3;9
147;2;4;9;2;9;9;1;9;9;9;9;9;3;9
148;1;5;9;2;9;9;9;2;9;9;9;9;3;9
149;1;3;9;2;9;9;9;2;9;9;9;9;3;9
150;2;4;9;9;3;9;9;2;9;9;9;9;3;9
151;1;4;9;9;3;9;9;2;9;9;9;2;9;9
152;1;4;1;9;9;9;9;2;9;9;9;2;9;9
153;1;4;1;9;9;9;9;9;3;9;1;9;9;9
154;2;2;9;9;3;9;9;9;3;9;9;9;3;9
155;1;3;9;9;3;9;9;9;3;9;9;9;3;9
156;2;3;9;9;3;9;9;9;3;9;9;9;3;9
157;1;1;9;9;3;9;9;9;3;9;9;9;3;9
158;2;4;9;2;9;9;9;9;3;9;9;9;3;9
159;1;2;9;9;3;9;9;9;3;9;9;9;3;9
160;2;1;9;9;3;9;9;9;3;9;9;2;9;9
161;2;5;1;9;9;9;9;2;9;9;9;2;9;9
162;1;5;1;9;9;9;9;2;9;9;1;9;9;9
163;2;2;9;2;9;9;9;9;3;9;9;2;9;9
164;1;1;9;9;3;9;9;9;3;9;9;9;3;9
165;1;5;9;2;9;9;9;2;9;9;9;2;9;9
166;2;2;9;2;9;9;9;2;9;9;9;2;9;9
167;1;4;9;2;9;9;9;9;3;9;9;2;9;9
168;1;3;9;9;3;9;9;9;3;9;9;9;3;9
169;1;4;9;9;3;9;9;2;9;9;1;9;9;9
170;1;2;9;9;3;9;9;9;3;9;9;9;3;9
171;2;1;9;9;3;9;9;9;3;9;9;9;3;9
172;2;4;9;9;3;9;9;9;3;9;9;2;9;9
173;1;3;9;9;3;9;9;9;3;9;9;2;9;9
174;2;3;1;9;9;9;9;2;9;9;9;2;9;9
175;2;5;9;9;3;9;1;9;9;9;9;9;3;9
176;2;3;9;2;9;9;9;2;9;9;9;2;9;9
177;1;1;9;9;3;9;9;9;3;9;9;2;9;9
178;2;4;9;9;3;9;9;9;9;4;9;9;3;9
179;1;4;9;2;9;9;9;9;3;9;9;9;3;9
180;2;4;9;9;3;9;9;9;3;9;9;9;3;9
181;1;1;9;9;3;9;9;9;3;9;9;9;3;9
182;1;3;9;9;9;4;9;2;9;9;9;9;9;4
183;1;5;9;9;3;9;9;9;3;9;9;9;3;9
184;1;5;1;9;9;9;9;9;3;9;1;9;9;9
185;2;2;9;2;9;9;9;2;9;9;9;2;9;9
186;2;5;9;9;3;9;9;9;3;9;9;9;3;9
187;2;2;9;2;9;9;9;2;9;9;9;2;9;9
188;2;3;9;2;9;9;9;9;3;9;9;9;3;9
189;2;5;9;9;3;9;9;9;3;9;9;9;3;9
190;1;2;9;2;9;9;9;2;9;9;9;9;3;9
191;2;3;9;9;3;9;9;9;3;9;9;2;9;9
192;1;4;9;9;9;9;9;9;3;9;9;2;9;9
193;1;2;9;9;3;9;9;9;3;9;9;2;9;9
194;2;4;9;9;3;9;9;9;3;9;9;2;9;9
195;1;4;9;2;9;9;9;2;9;9;1;9;9;9
196;1;2;9;9;3;9;9;9;9;4;9;2;9;9
197;2;5;9;2;9;9;9;2;9;9;9;2;9;9
198;1;2;1;9;9;9;9;2;9;9;1;9;9;9
199;2;4;9;2;9;9;9;2;9;9;9;2;9;9
200;1;2;9;2;9;9;9;9;3;9;9;2;9;9
201;2;1;1;9;9;9;1;9;9;9;1;9;9;9
202;1;2;9;2;9;9;9;9;3;9;9;9;3;9
203;2;2;9;2;9;9;9;2;9;9;9;2;9;9
204;2;4;9;2;9;9;9;2;9;9;9;2;9;9
205;2;5;9;2;9;9;9;2;9;9;9;2;9;9
206;1;2;9;2;9;9;9;9;9;9;9;2;9;9
207;2;2;9;2;9;9;9;2;9;9;1;9;9;9
208;2;4;9;9;3;9;9;2;9;9;9;9;3;9
209;2;4;9;2;9;9;9;2;9;9;9;2;9;9
210;2;2;9;9;3;9;9;2;9;9;9;9;3;9
211;2;5;9;9;9;4;9;9;3;9;9;2;9;9
212;2;4;1;9;9;9;9;2;9;9;9;2;9;9
213;2;5;9;9;3;9;9;9;3;9;9;9;3;9
214;2;5;9;2;9;9;9;2;9;9;9;2;9;9
215;1;1;9;9;3;9;9;9;3;9;9;9;3;9
216;1;4;9;2;9;9;9;9;3;9;9;2;9;9
217;1;5;9;2;9;9;9;9;3;9;9;9;3;9
218;1;4;9;2;9;9;9;9;3;9;9;2;9;9
219;2;1;9;2;9;9;1;9;9;9;1;9;9;9
220;2;4;9;2;9;9;9;2;9;9;9;2;9;9
221;1;4;9;9;3;9;9;2;9;9;9;9;3;9
222;2;2;9;2;9;9;9;9;3;9;9;9;3;9
223;2;4;9;9;3;9;9;2;9;9;9;2;9;9
224;2;4;9;2;9;9;9;2;9;9;9;2;9;9
225;2;1;9;9;3;9;9;9;3;9;9;9;3;9
226;2;2;9;2;9;9;9;9;3;9;9;2;9;9
227;1;5;9;9;3;9;9;9;3;9;9;9;3;9
228;2;1;9;2;9;9;9;9;9;4;9;9;3;9
229;1;3;1;9;9;9;1;9;9;9;1;9;9;9
230;2;4;9;2;9;9;9;2;9;9;9;2;9;9
231;1;4;9;9;3;9;9;9;3;9;9;2;9;9
232;2;4;9;9;3;9;9;9;3;9;9;9;3;9
233;2;2;9;2;9;9;9;2;9;9;9;2;9;9
234;2;4;9;9;3;9;9;9;3;9;9;2;9;9
235;1;2;9;9;3;9;9;9;3;9;9;9;3;9
236;2;5;9;2;9;9;9;9;3;9;9;9;3;9
237;2;3;9;9;3;9;9;9;3;9;9;9;3;9
238;1;1;9;9;3;9;9;9;3;9;9;9;3;9
239;1;4;9;2;9;9;9;2;9;9;1;9;9;9
240;2;5;9;2;9;9;9;2;9;9;9;2;9;9
241;1;1;9;9;3;9;9;9;3;9;9;9;3;9
242;1;4;9;9;3;9;9;2;9;9;9;2;9;9
243;2;1;9;9;3;9;9;2;9;9;9;2;9;9
244;1;5;9;2;9;9;9;2;9;9;9;2;9;9
245;2;3;9;2;9;9;9;2;9;9;1;9;9;9
246;2;2;9;2;9;9;9;2;9;9;1;9;9;9
247;2;4;1;9;9;9;1;9;9;9;1;9;9;9
248;1;2;9;9;3;9;9;9;3;9;9;9;3;9
249;2;1;1;9;9;9;9;2;9;9;1;9;9;9
250;1;1;9;9;3;9;9;9;3;9;9;2;9;9
251;2;2;9;9;3;9;9;9;3;9;9;9;3;9
252;1;5;1;9;9;9;9;2;9;9;9;2;9;9
253;2;5;9;9;3;9;9;2;9;9;9;9;3;9
254;1;3;9;2;9;9;9;9;3;9;9;2;9;9
255;2;3;9;9;3;9;9;9;3;9;9;9;3;9
256;2;4;9;9;3;9;9;9;3;9;9;9;3;9
257;2;1;1;9;9;9;9;2;9;9;9;2;9;9
258;2;3;9;9;3;9;9;9;3;9;9;9;3;9
259;1;4;9;9;3;9;9;9;3;9;9;9;3;9
260;1;2;9;2;9;9;9;2;9;9;9;2;9;9
261;1;1;9;9;3;9;9;9;3;9;9;9;3;9
262;1;4;9;2;9;9;9;9;3;9;9;9;3;9
263;2;4;9;2;9;9;9;2;9;9;1;9;9;9
264;2;5;9;9;3;9;9;2;9;9;9;9;3;9
265;2;3;9;2;9;9;9;2;9;9;9;2;9;9
266;1;2;9;2;9;9;1;9;9;9;9;2;9;9
267;2;3;9;2;9;9;9;2;9;9;1;9;9;9
268;1;2;9;9;3;9;9;9;9;4;9;9;3;9
269;1;2;9;9;3;9;9;9;3;9;9;9;3;9
270;1;2;9;2;9;9;1;9;9;9;9;2;9;9
271;2;3;9;2;9;9;9;9;3;9;9;2;9;9
272;2;2;9;2;9;9;9;9;3;9;9;9;3;9
273;1;2;9;2;9;9;9;2;9;9;9;9;3;9
274;2;4;9;2;9;9;9;2;9;9;1;9;9;9
275;2;2;9;2;9;9;9;2;9;9;1;9;9;9
276;1;4;9;2;9;9;9;2;9;9;9;9;3;9
277;1;4;9;2;9;9;9;2;9;9;9;2;9;9
278;2;3;9;2;9;9;9;2;9;9;9;2;9;9
279;1;2;1;9;9;9;1;9;9;9;1;9;9;9
280;2;4;9;2;9;9;9;9;3;9;9;2;9;9
281;2;1;9;2;9;9;9;9;3;9;1;9;9;9
282;2;3;9;2;9;9;9;2;9;9;9;2;9;9
283;2;3;9;2;9;9;9;2;9;9;9;2;9;9
284;1;5;9;9;3;9;9;9;3;9;9;2;9;9
285;2;2;9;2;9;9;9;9;3;9;9;9;3;9
286;2;5;1;9;9;9;9;2;9;9;9;9;3;9
287;1;4;9;2;9;9;9;9;3;9;9;9;3;9
288;2;2;9;2;9;9;9;2;9;9;9;2;9;9
289;2;1;9;9;3;9;9;2;9;9;9;9;9;4
290;2;4;9;2;9;9;9;2;9;9;9;9;3;9
291;2;4;9;9;3;9;9;9;3;9;9;9;3;9
292;1;2;1;9;9;9;9;2;9;9;1;9;9;9
293;1;3;9;2;9;9;9;9;3;9;9;9;3;9
294;1;5;1;9;9;9;1;9;9;9;1;9;9;9
295;1;3;1;9;9;9;1;9;9;9;1;9;9;9
296;1;1;9;9;3;9;9;9;3;9;9;9;3;9
297;1;1;9;9;3;9;9;2;9;9;9;2;9;9
298;2;4;9;9;3;9;9;9;3;9;9;9;3;9
299;2;3;9;9;3;9;9;9;3;9;1;9;9;9
300;2;5;9;9;3;9;9;2;9;9;9;2;9;9
301;1;1;9;9;3;9;9;9;9;4;9;2;9;9
302;2;4;9;2;9;9;9;9;3;9;9;9;3;9
303;2;3;9;2;9;9;9;2;9;9;1;9;9;9
304;1;4;9;9;3;9;9;9;3;9;9;9;3;9
305;1;3;9;2;9;9;9;9;3;9;9;9;3;9
306;2;3;9;9;3;9;9;9;3;9;1;9;9;9
307;1;4;9;9;3;9;9;2;9;9;9;9;9;4
308;2;3;1;9;9;9;9;2;9;9;9;9;3;9
309;1;2;9;9;3;9;9;9;3;9;1;9;9;9
310;1;5;9;2;9;9;9;9;9;4;9;9;9;4
311;2;5;9;9;3;9;9;9;3;9;9;9;3;9
312;2;5;9;9;3;9;9;9;3;9;9;9;3;9
313;1;5;9;2;9;9;9;2;9;9;1;9;9;9
314;1;3;9;2;9;9;9;2;9;9;9;2;9;9
315;1;1;9;9;3;9;9;9;3;9;9;2;9;9
316;1;3;9;2;9;9;9;2;9;9;9;2;9;9
317;2;3;9;2;9;9;9;2;9;9;1;9;9;9
318;2;3;9;9;3;9;9;9;3;9;9;9;3;9
319;1;1;1;9;9;9;9;2;9;9;1;9;9;9
320;2;2;9;2;9;9;1;9;9;9;9;2;9;9
321;2;2;9;9;3;9;9;9;3;9;9;9;3;9
322;2;3;9;2;9;9;9;2;9;9;9;2;9;9
323;1;3;9;9;3;9;9;9;3;9;9;9;3;9
324;2;2;9;2;9;9;9;9;3;9;1;9;9;9
325;2;3;9;2;9;9;9;2;9;9;9;9;3;9
326;2;4;9;2;9;9;9;9;3;9;9;2;9;9
327;1;2;9;2;9;9;9;9;3;9;9;9;3;9
328;2;3;9;2;9;9;9;2;9;9;9;2;9;9
329;1;3;9;2;9;9;9;9;3;9;9;2;9;9
330;1;2;9;2;9;9;9;2;9;9;9;2;9;9
331;2;3;9;9;3;9;9;9;3;9;9;9;3;9
332;2;3;9;2;9;9;9;2;9;9;1;9;9;9
333;2;4;9;2;9;9;9;2;9;9;9;2;9;9
334;2;2;9;2;9;9;9;2;9;9;1;9;9;9
335;1;3;9;2;9;9;9;2;9;9;9;2;9;9
336;2;3;1;9;9;9;9;2;9;9;9;9;3;9
337;2;3;9;2;9;9;9;9;3;9;9;2;9;9
338;2;3;9;2;9;9;9;2;9;9;9;2;9;9
339;2;3;9;2;9;9;9;2;9;9;1;9;9;9
340;2;1;9;2;9;9;9;2;9;9;9;2;9;9
341;1;3;9;2;9;9;9;9;3;9;9;2;9;9
342;2;3;9;2;9;9;9;2;9;9;9;2;9;9
343;1;3;9;2;9;9;9;9;3;9;9;2;9;9
344;1;3;9;2;9;9;9;9;3;9;1;9;9;9
345;2;3;9;2;9;9;9;2;9;9;9;2;9;9
346;1;1;9;2;9;9;9;2;9;9;9;2;9;9
347;2;4;9;2;9;9;9;2;9;9;9;9;3;9
348;2;4;1;9;9;9;9;2;9;9;9;2;9;9
349;1;5;1;9;9;9;9;2;9;9;9;2;9;9
350;1;3;9;2;9;9;9;2;9;9;1;9;9;9
351;1;3;9;9;3;9;9;9;3;9;9;2;9;9
352;2;2;9;9;3;9;9;9;3;9;9;9;9;4
353;1;3;9;2;9;9;9;9;3;9;1;9;9;9
354;1;1;9;2;9;9;9;2;9;9;1;9;9;9
355;2;3;9;9;3;9;9;2;9;9;9;9;3;9
356;1;5;9;2;9;9;9;9;3;9;9;2;9;9
357;2;3;9;9;3;9;9;9;3;9;9;2;9;9
358;1;4;9;2;9;9;9;9;3;9;9;9;3;9
359;2;1;9;9;3;9;9;9;3;9;9;2;9;9
360;1;5;9;9;3;9;9;2;9;9;9;9;3;9
361;2;2;9;2;9;9;9;2;9;9;9;2;9;9
362;1;3;1;9;9;9;9;9;3;9;1;9;9;9
363;1;3;9;2;9;9;1;9;9;9;9;9;3;9
364;1;2;9;2;9;9;9;2;9;9;9;9;3;9
365;2;5;9;9;3;9;9;9;3;9;9;9;3;9
366;1;3;1;9;9;9;9;9;3;9;1;9;9;9
367;2;5;9;2;9;9;9;2;9;9;9;2;9;9
368;2;5;1;9;9;9;1;9;9;9;1;9;9;9
369;1;3;9;2;9;9;9;9;3;9;9;2;9;9
370;2;3;9;2;9;9;9;9;3;9;9;2;9;9
371;1;4;9;2;9;9;9;2;9;9;9;2;9;9
372;2;3;9;9;3;9;9;2;9;9;9;9;3;9
373;2;4;9;9;3;9;9;9;3;9;9;2;9;9
374;2;4;9;2;9;9;9;2;9;9;9;2;9;9
375;2;2;1;9;9;9;9;2;9;9;9;9;3;9
376;2;2;9;9;3;9;9;9;3;9;9;9;3;9
377;2;2;9;2;9;9;9;2;9;9;9;2;9;9
378;2;2;9;9;3;9;9;9;3;9;9;2;9;9
379;1;1;9;9;3;9;9;9;9;4;9;9;9;4
380;2;1;9;2;9;9;1;9;9;9;9;9;3;9
381;1;5;9;9;3;9;9;9;3;9;9;9;3;9
382;2;5;9;2;9;9;9;2;9;9;9;2;9;9
383;2;4;9;9;3;9;9;9;3;9;9;9;3;9
384;2;3;9;2;9;9;9;9;3;9;9;9;3;9
385;2;5;9;2;9;9;9;2;9;9;9;2;9;9
386;1;5;9;9;3;9;9;9;9;4;9;9;9;4
387;2;3;9;2;9;9;9;9;3;9;9;9;3;9
388;2;1;9;9;3;9;9;2;9;9;1;9;9;9
389;1;4;9;9;3;9;9;2;9;9;9;9;3;9
390;2;4;9;2;9;9;1;9;9;9;1;9;9;9
391;1;3;1;9;9;9;9;2;9;9;9;2;9;9
392;2;5;9;2;9;9;9;2;9;9;9;2;9;9
393;2;5;9;9;3;9;9;2;9;9;9;2;9;9
394;1;3;9;2;9;9;9;2;9;9;9;2;9;9
395;2;2;9;2;9;9;9;9;3;9;9;9;3;9
396;2;5;1;9;9;9;9;2;9;9;9;9;3;9
397;1;1;9;9;3;9;9;9;9;4;9;9;9;4
398;2;3;9;2;9;9;1;9;9;9;9;9;3;9
399;2;5;1;9;9;9;9;9;3;9;9;2;9;9
400;1;2;9;2;9;9;9;2;9;9;1;9;9;9
401;1;3;9;2;9;9;9;9;3;9;1;9;9;9
402;1;1;9;2;9;9;9;2;9;9;9;2;9;9
403;2;3;9;2;9;9;9;2;9;9;9;9;3;9
404;1;1;9;2;9;9;9;2;9;9;9;2;9;9
405;2;2;9;2;9;9;9;9;3;9;9;9;3;9
406;2;1;9;9;3;9;9;9;3;9;9;2;9;9
407;1;5;9;2;9;9;9;2;9;9;9;2;9;9
408;2;4;9;9;9;9;9;9;3;9;9;9;3;9
409;1;4;1;9;9;9;9;9;3;9;1;9;9;9
410;1;4;9;2;9;9;9;9;3;9;9;2;9;9
411;1;1;9;9;3;9;9;9;3;9;9;9;3;9
412;2;5;9;9;3;9;9;9;9;4;9;9;3;9
413;2;2;9;9;3;9;9;9;9;4;9;9;3;9
414;2;5;9;2;9;9;9;9;9;4;9;9;3;9
415;1;2;1;9;9;9;9;2;9;9;9;2;9;9
416;1;4;9;2;9;9;9;2;9;9;9;9;3;9
417;2;3;9;2;9;9;9;9;3;9;9;9;3;9
418;2;4;9;9;3;9;9;9;3;9;9;9;3;9
419;2;4;9;9;3;9;9;9;3;9;9;2;9;9
420;2;2;9;9;3;9;9;2;9;9;9;2;9;9
421;2;2;9;2;9;9;9;2;9;9;9;9;3;9
422;2;4;9;9;3;9;9;9;3;9;9;2;9;9
423;1;5;9;2;9;9;9;2;9;9;9;2;9;9
424;2;1;9;9;3;9;9;2;9;9;9;9;3;9
425;2;1;9;2;9;9;9;2;9;9;9;9;3;9
426;2;2;9;9;3;9;9;9;3;9;9;2;9;9
427;2;5;9;2;9;9;9;2;9;9;9;2;9;9
428;1;2;9;2;9;9;9;2;9;9;9;2;9;9
429;1;3;9;2;9;9;9;9;3;9;9;2;9;9
430;1;3;9;2;9;9;9;2;9;9;9;2;9;9
431;2;2;9;9;3;9;9;9;3;9;9;9;3;9
432;1;3;9;2;9;9;9;9;3;9;9;9;3;9
433;2;3;1;9;9;9;9;2;9;9;9;2;9;9
434;1;3;9;9;3;9;9;9;3;9;9;9;3;9
435;2;2;9;2;9;9;9;9;3;9;9;9;3;9
436;1;4;9;9;3;9;9;2;9;9;1;9;9;9
437;2;2;9;2;9;9;9;2;9;9;9;2;9;9
438;1;3;9;2;9;9;9;2;9;9;9;2;9;9
439;1;3;9;9;3;9;9;9;3;9;9;2;9;9
440;2;2;1;9;9;9;9;9;3;9;9;9;3;9
441;1;1;9;2;9;9;9;9;3;9;1;9;9;9
442;2;2;9;2;9;9;9;9;3;9;9;9;3;9
443;1;3;9;2;9;9;9;2;9;9;1;9;9;9
444;2;5;1;9;9;9;9;2;9;9;9;2;9;9
445;1;3;9;2;9;9;1;9;9;9;1;9;9;9
446;2;2;9;2;9;9;9;9;3;9;9;9;3;9
447;1;3;9;9;9;4;9;9;9;4;9;9;3;9
448;1;5;9;2;9;9;9;2;9;9;9;9;3;9
449;1;3;9;9;3;9;9;9;3;9;9;2;9;9
450;1;4;9;9;3;9;9;9;3;9;9;2;9;9
451;1;5;9;9;3;9;9;9;3;9;9;2;9;9
452;2;4;9;2;9;9;9;2;9;9;9;2;9;9
453;2;4;1;9;9;9;1;9;9;9;1;9;9;9
454;2;2;9;9;3;9;9;2;9;9;9;2;9;9
455;1;2;9;9;3;9;9;9;9;4;1;9;9;9
456;2;3;9;9;3;9;9;2;9;9;9;2;9;9
457;2;4;9;9;3;9;9;9;3;9;9;2;9;9
458;2;5;9;2;9;9;9;2;9;9;9;2;9;9
459;2;5;9;9;3;9;9;9;3;9;9;2;9;9
460;2;3;9;2;9;9;9;2;9;9;9;9;3;9
461;2;1;9;2;9;9;9;9;3;9;1;9;9;9
462;2;2;9;2;9;9;9;9;3;9;1;9;9;9
463;2;2;9;2;9;9;9;2;9;9;9;9;3;9
464;2;2;9;9;3;9;9;9;3;9;9;9;3;9
465;1;5;9;2;9;9;9;2;9;9;9;9;9;9
466;1;5;9;2;9;9;9;2;9;9;9;2;9;9
467;2;2;9;9;3;9;9;9;3;9;9;2;9;9
468;2;3;9;2;9;9;9;9;3;9;9;9;3;9
469;1;3;9;2;9;9;9;2;9;9;9;9;3;9
470;2;2;9;9;3;9;9;9;3;9;9;9;3;9
471;2;4;1;9;9;9;9;9;3;9;9;2;9;9
472;2;4;9;9;3;9;9;9;3;9;9;9;9;4
473;2;4;9;2;9;9;9;2;9;9;9;9;3;9
474;1;3;9;9;3;9;9;9;3;9;9;9;3;9
475;1;1;9;9;3;9;9;9;3;9;9;9;3;9
476;1;5;9;2;9;9;9;2;9;9;1;9;9;9
477;2;4;9;2;9;9;9;2;9;9;1;9;9;9
478;2;3;9;9;3;9;9;2;9;9;1;9;9;9
479;2;1;9;9;3;9;9;9;3;9;9;2;9;9
480;1;5;9;9;3;9;9;9;3;9;9;2;9;9
481;1;5;9;2;9;9;9;2;9;9;9;2;9;9
482;2;1;1;9;9;9;1;9;9;9;1;9;9;9
483;1;3;9;9;3;9;9;9;3;9;9;2;9;9
484;2;5;9;9;3;9;9;9;3;9;1;9;9;9
485;2;3;9;2;9;9;9;2;9;9;1;9;9;9
486;2;2;9;2;9;9;9;2;9;9;9;2;9;9
487;2;3;9;2;9;9;9;9;3;9;9;2;9;9
488;2;2;9;2;9;9;9;9;3;9;9;2;9;9
489;1;4;9;2;9;9;9;9;3;9;1;9;9;9
490;1;4;9;2;9;9;9;2;9;9;1;9;9;9
491;1;2;9;2;9;9;9;2;9;9;1;9;9;9
492;1;4;9;2;9;9;9;2;9;9;1;9;9;9
493;1;1;9;2;9;9;9;9;3;9;1;9;9;9
494;2;4;1;9;9;9;9;2;9;9;9;9;3;9
495;2;4;9;2;9;9;9;2;9;9;1;9;9;9
496;1;3;9;9;3;9;9;9;3;9;9;9;3;9
497;2;3;9;2;9;9;9;2;9;9;1;9;9;9
498;2;3;9;9;3;9;9;9;3;9;9;9;3;9
499;2;3;9;9;3;9;9;9;3;9;9;2;9;9
500;2;1;9;9;3;9;9;9;3;9;9;9;3;9
501;2;5;9;2;9;9;9;2;9;9;9;2;9;9
502;2;4;9;9;3;9;9;2;9;9;1;9;9;9
503;2;4;9;2;9;9;9;2;9;9;9;9;3;9
504;2;5;9;9;3;9;9;9;9;9;9;9;3;9
505;2;2;9;9;3;9;9;9;9;4;9;2;9;9
506;2;3;9;9;3;9;9;9;3;9;9;9;3;9
507;2;4;9;2;9;9;9;2;9;9;9;2;9;9
508;1;2;9;9;3;9;9;9;3;9;9;9;3;9
509;1;4;9;9;3;9;9;9;3;9;9;9;3;9
510;1;4;9;9;3;9;9;9;3;9;9;2;9;9
511;2;2;9;2;9;9;9;9;3;9;1;9;9;9
512;2;2;1;9;9;9;9;2;9;9;9;9;3;9
513;1;4;1;9;9;9;1;9;9;9;9;2;9;9
514;1;1;9;2;9;9;9;2;9;9;9;2;9;9
515;2;4;9;2;9;9;9;9;3;9;9;9;3;9
516;2;3;1;9;9;9;9;2;9;9;9;9;3;9
517;2;2;9;9;3;9;9;9;3;9;9;9;3;9
518;1;5;9;2;9;9;9;9;3;9;1;9;9;9
519;2;4;9;2;9;9;9;2;9;9;1;9;9;9
520;1;4;9;2;9;9;9;2;9;9;9;9;3;9
521;2;4;1;9;9;9;1;9;9;9;1;9;9;9
522;2;3;9;2;9;9;9;9;3;9;1;9;9;9
523;1;3;9;2;9;9;9;9;3;9;1;9;9;9
524;1;3;9;2;9;9;9;2;9;9;9;2;9;9
525;2;2;9;2;9;9;9;2;9;9;1;9;9;9
526;2;4;9;2;9;9;9;9;3;9;9;2;9;9
527;2;1;9;2;9;9;9;9;3;9;1;9;9;9
528;1;3;9;2;9;9;9;2;9;9;9;9;3;9
529;2;4;1;9;9;9;9;9;3;9;9;9;3;9
530;2;1;1;9;9;9;1;9;9;9;9;9;3;9
531;2;5;9;2;9;9;9;9;3;9;1;9;9;9
532;2;4;9;9;3;9;9;9;3;9;9;2;9;9
533;2;2;9;2;9;9;9;2;9;9;9;2;9;9
534;2;1;9;9;3;9;9;2;9;9;9;9;9;4
535;1;4;9;2;9;9;9;2;9;9;9;2;9;9
536;2;3;1;9;9;9;1;9;9;9;9;9;3;9
537;1;1;9;2;9;9;9;9;3;9;9;2;9;9
538;2;5;9;9;3;9;9;9;3;9;9;9;9;4
539;1;2;9;9;3;9;9;9;3;9;9;9;3;9
540;2;2;9;2;9;9;9;9;3;9;9;9;3;9
541;2;5;9;2;9;9;9;2;9;9;9;2;9;9
542;1;5;9;9;3;9;9;9;3;9;9;9;3;9
543;2;3;9;2;9;9;9;9;3;9;9;9;3;9
544;2;1;1;9;9;9;1;9;9;9;9;2;9;9
545;1;3;9;2;9;9;9;9;3;9;1;9;9;9
546;1;5;9;2;9;9;9;2;9;9;9;2;9;9
547;2;2;9;9;3;9;9;9;9;4;9;9;3;9
548;2;4;1;9;9;9;9;2;9;9;1;9;9;9
549;2;4;9;2;9;9;9;2;9;9;9;2;9;9
550;1;2;9;2;9;9;9;2;9;9;9;2;9;9
551;2;1;9;2;9;9;9;2;9;9;9;9;3;9
552;2;3;9;2;9;9;9;9;3;9;9;9;3;9
553;2;3;9;9;3;9;9;9;3;9;9;9;3;9
554;2;5;9;9;3;9;9;9;3;9;9;9;3;9
555;1;1;9;2;9;9;9;9;3;9;9;9;3;9
556;2;5;9;2;9;9;9;9;3;9;9;9;3;9
557;2;5;9;9;3;9;9;9;3;9;9;2;9;9
558;2;1;9;9;3;9;9;9;3;9;9;9;3;9
559;2;5;9;9;3;9;9;9;3;9;9;9;3;9
560;2;2;9;2;9;9;9;2;9;9;9;2;9;9
561;2;4;9;2;9;9;9;9;3;9;9;2;9;9
562;2;2;9;9;3;9;9;9;9;4;9;2;9;9
563;2;5;9;9;3;9;9;9;3;9;9;9;3;9
564;1;1;9;9;3;9;9;9;3;9;9;2;9;9
565;1;3;9;9;3;9;9;9;3;9;9;2;9;9
566;1;3;9;9;3;9;9;9;9;4;9;9;9;4
567;2;5;9;9;3;9;9;9;9;4;9;9;3;9
568;2;5;9;9;3;9;9;2;9;9;9;2;9;9
569;2;3;9;9;3;9;9;9;3;9;9;2;9;9
570;1;2;9;2;9;9;9;2;9;9;1;9;9;9
571;2;2;9;9;3;9;9;9;3;9;9;2;9;9
572;1;5;9;2;9;9;9;9;3;9;9;9;3;9
573;2;2;1;9;9;9;1;9;9;9;1;9;9;9
574;2;4;9;2;9;9;9;2;9;9;9;9;3;9
575;2;1;9;9;3;9;9;9;3;9;9;9;9;4
576;1;4;9;9;3;9;9;2;9;9;9;9;9;4
577;2;5;9;2;9;9;9;2;9;9;9;2;9;9
578;2;2;9;2;9;9;9;9;3;9;9;2;9;9
579;2;2;1;9;9;9;1;9;9;9;9;9;3;9
580;1;2;9;2;9;9;9;2;9;9;9;9;3;9
581;1;1;9;2;9;9;9;2;9;9;9;2;9;9
582;1;4;1;9;9;9;1;9;9;9;1;9;9;9
583;2;5;1;9;9;9;9;2;9;9;1;9;9;9
584;2;4;9;9;3;9;9;2;9;9;9;9;3;9
585;2;3;9;2;9;9;9;2;9;9;1;9;9;9
586;1;2;9;2;9;9;9;2;9;9;9;2;9;9
587;1;4;9;2;9;9;9;2;9;9;9;2;9;9
588;2;2;9;2;9;9;9;2;9;9;9;2;9;9
589;2;1;9;9;3;9;9;9;3;9;9;9;3;9
590;1;4;9;9;3;9;9;9;3;9;9;9;3;9
591;2;1;9;9;3;9;9;9;3;9;9;9;3;9
592;2;3;9;9;3;9;9;9;3;9;9;9;3;9
593;2;1;9;9;3;9;9;9;3;9;9;9;3;9
594;1;1;9;9;3;9;9;9;3;9;9;9;3;9
595;2;4;9;9;3;9;9;9;3;9;9;9;3;9
596;2;5;9;2;9;9;9;9;3;9;9;9;3;9
597;1;5;9;2;9;9;9;2;9;9;9;2;9;9
598;1;4;1;9;9;9;9;2;9;9;9;2;9;9
599;1;3;9;2;9;9;9;2;9;9;9;2;9;9
600;1;4;9;9;3;9;9;9;3;9;9;2;9;9
601;2;4;1;9;9;9;9;2;9;9;9;9;3;9
602;2;4;9;2;9;9;9;9;3;9;9;9;3;9
603;2;5;9;2;9;9;9;2;9;9;9;9;3;9
604;1;1;9;2;9;9;9;2;9;9;9;2;9;9
605;2;5;9;9;3;9;9;9;3;9;9;9;3;9
606;2;4;9;9;3;9;9;9;3;9;9;9;3;9
607;2;3;9;2;9;9;9;2;9;9;9;2;9;9
608;2;2;9;9;3;9;9;2;9;9;9;9;9;4
609;2;3;1;9;9;9;1;9;9;9;1;9;9;9
610;2;2;9;2;9;9;9;9;3;9;9;9;3;9
611;2;5;9;2;9;9;9;2;9;9;9;9;3;9
612;1;2;9;2;9;9;9;2;9;9;1;9;9;9
613;1;3;9;2;9;9;9;2;9;9;9;9;3;9
614;1;1;1;9;9;9;1;9;9;9;1;9;9;9
615;1;4;9;9;9;4;9;9;3;9;9;2;9;9
616;1;1;9;2;9;9;9;2;9;9;9;2;9;9
617;1;5;9;2;9;9;9;2;9;9;9;2;9;9
618;1;5;9;9;3;9;9;9;3;9;9;9;3;9
619;2;5;9;2;9;9;9;2;9;9;9;9;3;9
620;2;1;9;9;3;9;9;9;3;9;9;9;3;9
621;1;3;9;9;3;9;9;9;3;9;9;9;3;9
622;1;4;9;9;3;9;9;9;3;9;9;9;3;9
623;2;2;1;9;9;9;9;9;3;9;9;9;3;9
624;1;4;9;9;3;9;9;2;9;9;9;2;9;9
625;2;5;9;9;3;9;9;9;9;4;9;9;3;9
626;2;4;9;9;3;9;9;9;3;9;9;2;9;9
627;2;2;9;9;3;9;9;9;3;9;9;9;3;9
628;1;3;9;9;3;9;9;2;9;9;9;9;3;9
629;1;3;9;2;9;9;9;2;9;9;9;2;9;9
630;1;3;9;2;9;9;9;2;9;9;9;9;3;9
631;1;5;9;2;9;9;9;2;9;9;9;2;9;9
632;1;2;9;2;9;9;9;2;9;9;1;9;9;9
633;1;4;9;2;9;9;9;2;9;9;9;9;3;9
634;2;2;9;9;3;9;9;9;3;9;9;9;3;9
635;1;1;1;9;9;9;9;2;9;9;1;9;9;9
636;1;3;9;2;9;9;9;2;9;9;9;9;3;9
637;2;4;1;9;9;9;9;2;9;9;1;9;9;9
638;2;3;9;2;9;9;9;9;3;9;9;9;3;9
639;2;4;9;9;3;9;9;2;9;9;9;9;3;9
640;2;1;9;9;3;9;9;9;9;4;9;9;3;9
641;2;4;9;2;9;9;9;2;9;9;9;2;9;9
642;2;3;9;2;9;9;9;9;3;9;9;9;3;9
643;1;1;9;2;9;9;9;2;9;9;9;2;9;9
644;1;5;9;9;3;9;9;9;3;9;9;2;9;9
645;2;5;9;2;9;9;9;9;3;9;1;9;9;9
646;1;5;9;2;9;9;9;2;9;9;1;9;9;9
647;1;2;9;2;9;9;9;9;3;9;9;2;9;9
648;1;5;9;9;9;4;9;2;9;9;9;9;3;9
649;1;1;1;9;9;9;1;9;9;9;9;2;9;9
650;1;3;9;9;3;9;9;2;9;9;9;2;9;9
651;2;2;9;9;3;9;9;2;9;9;9;9;3;9
652;2;4;9;2;9;9;9;9;3;9;9;2;9;9
653;2;2;9;2;9;9;9;9;3;9;9;9;3;9
654;1;3;9;2;9;9;9;9;3;9;9;2;9;9
655;2;5;9;9;3;9;9;9;3;9;9;9;3;9
656;2;3;9;2;9;9;9;2;9;9;9;9;3;9
657;2;3;9;2;9;9;9;2;9;9;9;9;3;9
658;2;4;9;2;9;9;9;9;3;9;9;9;3;9
659;2;3;9;2;9;9;9;2;9;9;9;2;9;9
660;2;4;9;9;3;9;9;9;3;9;9;9;9;4
661;2;4;9;9;3;9;9;2;9;9;1;9;9;9
662;2;1;9;2;9;9;9;2;9;9;9;9;3;9
663;2;4;9;9;3;9;9;9;3;9;9;9;3;9
664;1;3;9;2;9;9;9;9;3;9;9;9;3;9
665;2;2;9;9;3;9;9;2;9;9;1;9;9;9
666;1;2;9;9;3;9;9;9;3;9;9;2;9;9
667;1;5;9;2;9;9;9;9;3;9;9;9;3;9
668;1;4;9;2;9;9;9;9;3;9;9;2;9;9
669;1;3;1;9;9;9;1;9;9;9;1;9;9;9
670;2;1;9;2;9;9;9;9;3;9;9;9;3;9
671;2;3;9;2;9;9;9;2;9;9;9;2;9;9
672;1;1;9;2;9;9;9;9;3;9;1;9;9;9
673;2;4;9;9;3;9;9;2;9;9;9;2;9;9
674;1;3;9;9;3;9;9;9;3;9;9;9;3;9
675;2;2;9;2;9;9;1;9;9;9;1;9;9;9
676;2;5;9;2;9;9;9;2;9;9;9;9;3;9
677;2;1;9;2;9;9;9;9;3;9;9;9;3;9
678;1;1;9;2;9;9;9;2;9;9;9;9;3;9
679;1;1;9;9;3;9;9;9;3;9;9;2;9;9
680;2;4;9;9;3;9;9;9;3;9;9;9;3;9
681;2;4;9;2;9;9;1;9;9;9;9;2;9;9
682;2;2;9;9;3;9;9;9;3;9;1;9;9;9
683;2;5;9;9;3;9;9;9;3;9;9;9;3;9
684;2;3;9;2;9;9;9;2;9;9;9;9;3;9
685;1;4;9;2;9;9;9;2;9;9;9;2;9;9
686;2;1;9;2;9;9;9;2;9;9;9;9;3;9
687;2;3;9;2;9;9;9;9;3;9;9;2;9;9
688;2;3;9;2;9;9;9;9;3;9;9;9;3;9
689;1;4;9;9;3;9;9;2;9;9;1;9;9;9
690;2;2;9;2;9;9;9;9;3;9;1;9;9;9
691;2;2;9;2;9;9;9;2;9;9;9;2;9;9
692;2;4;9;2;9;9;9;9;3;9;9;2;9;9
693;2;2;9;9;3;9;9;2;9;9;9;9;9;4
694;2;3;9;9;3;9;9;9;3;9;9;9;3;9
695;1;4;1;9;9;9;9;2;9;9;1;9;9;9
696;2;3;9;2;9;9;9;2;9;9;9;9;3;9
697;1;2;9;2;9;9;9;9;3;9;9;2;9;9
698;2;4;9;2;9;9;9;2;9;9;9;9;3;9
699;2;3;9;9;3;9;9;9;3;9;9;9;3;9
700;1;4;9;2;9;9;9;2;9;9;9;2;9;9
701;1;2;9;2;9;9;9;9;3;9;9;2;9;9
702;1;3;9;2;9;9;9;2;9;9;9;2;9;9
703;2;2;9;2;9;9;9;9;3;9;9;2;9;9
704;2;3;9;9;3;9;9;9;3;9;9;2;9;9
705;2;3;1;9;9;9;9;2;9;9;1;9;9;9
706;2;5;1;9;9;9;9;2;9;9;1;9;9;9
707;2;5;1;9;9;9;9;2;9;9;1;9;9;9
708;2;4;1;9;9;9;1;9;9;9;1;9;9;9
709;1;2;9;9;3;9;9;9;3;9;9;9;9;4
710;1;3;9;2;9;9;9;9;3;9;1;9;9;9
711;1;4;9;2;9;9;9;2;9;9;9;2;9;9
712;1;2;9;2;9;9;9;2;9;9;1;9;9;9
713;1;3;9;2;9;9;9;2;9;9;9;2;9;9
714;2;3;9;2;9;9;9;9;3;9;9;9;3;9
715;2;3;9;2;9;9;9;2;9;9;9;2;9;9
716;2;4;9;2;9;9;9;2;9;9;9;2;9;9
717;2;3;9;2;9;9;9;9;3;9;9;2;9;9
718;2;2;9;9;3;9;9;9;3;9;9;9;3;9
719;2;3;9;9;3;9;9;9;3;9;9;9;3;9
720;1;2;9;2;9;9;9;2;9;9;9;2;9;9
721;1;3;9;2;9;9;9;9;3;9;9;9;3;9
722;1;2;9;2;9;9;9;2;9;9;1;9;9;9
723;1;2;9;2;9;9;9;2;9;9;1;9;9;9
724;2;3;9;2;9;9;9;9;3;9;9;9;3;9
725;2;4;9;2;9;9;9;2;9;9;9;9;3;9
726;1;5;9;2;9;9;9;2;9;9;1;9;9;9
727;2;3;9;2;9;9;9;2;9;9;9;9;3;9
728;1;4;1;9;9;9;9;2;9;9;1;9;9;9
729;2;2;9;2;9;9;9;2;9;9;9;2;9;9
730;2;2;9;9;3;9;9;9;3;9;9;9;3;9
731;2;3;9;2;9;9;9;9;3;9;9;2;9;9
732;1;3;9;9;3;9;9;9;3;9;9;2;9;9
733;2;3;1;9;9;9;9;2;9;9;9;2;9;9
734;2;3;9;2;9;9;9;2;9;9;9;9;3;9
735;2;2;9;9;3;9;9;9;3;9;9;9;3;9
736;1;3;9;2;9;9;9;2;9;9;9;2;9;9
737;1;2;9;2;9;9;9;9;3;9;1;9;9;9
738;2;4;9;9;3;9;9;9;3;9;9;2;9;9
739;2;2;9;2;9;9;9;9;3;9;1;9;9;9
740;1;4;9;9;3;9;9;9;3;9;9;9;3;9
741;2;2;9;9;3;9;9;9;3;9;9;2;9;9
742;1;2;9;2;9;9;9;2;9;9;9;2;9;9
743;2;2;9;2;9;9;9;2;9;9;9;2;9;9
744;2;3;9;2;9;9;1;9;9;9;1;9;9;9
745;2;4;9;2;9;9;9;2;9;9;9;9;3;9
746;2;3;9;2;9;9;9;2;9;9;9;2;9;9
747;2;3;9;2;9;9;9;9;3;9;9;2;9;9
748;2;4;9;9;9;4;9;9;3;9;9;2;9;9
749;2;3;9;2;9;9;9;2;9;9;9;2;9;9
750;2;2;9;2;9;9;9;9;3;9;9;9;9;4
751;1;3;9;9;3;9;9;9;3;9;9;2;9;9
752;2;2;9;2;9;9;9;2;9;9;9;9;3;9
753;1;4;9;9;3;9;9;9;3;9;9;9;3;9
754;1;3;9;9;3;9;9;9;3;9;9;9;3;9
755;1;3;9;2;9;9;9;2;9;9;1;9;9;9
756;2;4;9;9;3;9;9;2;9;9;9;9;3;9
757;2;3;9;2;9;9;9;2;9;9;1;9;9;9
758;2;4;9;9;3;9;9;9;3;9;9;2;9;9
759;2;3;9;9;3;9;9;2;9;9;9;2;9;9
760;1;5;9;2;9;9;9;9;3;9;9;9;3;9
761;2;1;9;9;3;9;9;9;3;9;9;9;3;9
762;2;5;9;2;9;9;9;2;9;9;9;2;9;9
763;2;5;9;2;9;9;9;2;9;9;9;2;9;9
764;1;4;9;2;9;9;9;9;3;9;9;9;3;9
765;1;5;9;9;3;9;9;2;9;9;1;9;9;9
766;2;4;9;9;3;9;9;9;3;9;9;2;9;9
767;1;4;9;2;9;9;9;9;3;9;9;2;9;9
768;1;5;9;2;9;9;9;9;3;9;1;9;9;9
769;1;4;9;9;3;9;9;9;3;9;9;9;9;4
770;2;4;9;9;3;9;9;9;3;9;9;9;3;9
771;2;5;9;2;9;9;9;9;3;9;9;2;9;9
772;2;2;9;2;9;9;9;2;9;9;9;2;9;9
773;2;5;1;9;9;9;1;9;9;9;9;2;9;9
774;2;3;9;2;9;9;9;2;9;9;9;9;3;9
775;1;5;9;2;9;9;9;2;9;9;9;2;9;9
776;1;2;9;2;9;9;9;2;9;9;9;2;9;9
777;2;4;9;2;9;9;9;2;9;9;9;9;3;9
778;2;1;9;9;3;9;9;9;3;9;1;9;9;9
779;2;3;9;2;9;9;9;9;3;9;9;2;9;9
780;2;4;9;2;9;9;9;9;3;9;1;9;9;9
781;2;3;9;2;9;9;9;2;9;9;9;2;9;9
782;2;5;9;2;9;9;9;2;9;9;9;2;9;9
783;2;4;9;2;9;9;9;9;3;9;9;9;3;9
784;2;5;9;2;9;9;9;2;9;9;9;2;9;9
785;1;1;9;2;9;9;9;2;9;9;9;2;9;9
786;2;5;1;9;9;9;9;2;9;9;9;9;9;9
787;1;3;9;9;3;9;9;9;3;9;9;9;3;9
788;2;2;9;2;9;9;9;2;9;9;1;9;9;9
789;1;3;9;2;9;9;9;2;9;9;9;2;9;9
790;2;3;9;9;9;4;9;2;9;9;1;9;9;9
791;2;5;9;9;3;9;9;2;9;9;9;9;3;9
792;1;5;9;2;9;9;9;2;9;9;9;2;9;9
793;2;2;9;2;9;9;9;9;3;9;9;2;9;9
794;1;1;9;9;3;9;9;9;3;9;9;2;9;9
795;1;1;9;9;3;9;9;2;9;9;9;9;3;9
796;2;5;9;2;9;9;9;2;9;9;9;2;9;9
797;1;1;9;2;9;9;9;9;3;9;9;9;3;9
798;2;5;9;2;9;9;9;2;9;9;9;9;3;9
799;2;5;9;2;9;9;9;2;9;9;9;2;9;9
800;2;5;9;2;9;9;9;2;9;9;9;9;3;9
801;1;2;9;2;9;9;9;2;9;9;9;9;3;9
802;1;1;9;2;9;9;9;9;3;9;9;9;3;9
803;2;3;9;9;9;4;9;9;3;9;1;9;9;9
804;2;3;9;2;9;9;9;9;3;9;9;9;3;9
805;2;5;9;2;9;9;9;2;9;9;9;2;9;9
806;2;5;1;9;9;9;9;9;3;9;9;2;9;9
807;1;1;9;2;9;9;9;2;9;9;9;9;3;9
808;1;4;9;2;9;9;9;2;9;9;9;2;9;9
809;1;4;1;9;9;9;1;9;9;9;9;2;9;9
810;1;5;9;2;9;9;9;2;9;9;9;9;3;9
811;2;5;9;2;9;9;9;2;9;9;1;9;9;9
812;1;2;9;2;9;9;9;2;9;9;9;9;3;9
813;2;1;1;9;9;9;1;9;9;9;9;2;9;9
814;1;4;9;2;9;9;9;2;9;9;1;9;9;9
815;2;2;9;2;9;9;1;9;9;9;9;9;3;9
816;2;5;9;9;3;9;9;9;3;9;9;9;3;9
817;1;3;9;9;3;9;9;9;3;9;9;9;3;9
818;2;2;9;9;3;9;9;9;3;9;9;9;3;9
819;1;1;9;9;3;9;9;2;9;9;1;9;9;9
820;2;5;1;9;9;9;9;9;3;9;9;9;3;9
821;2;3;9;2;9;9;9;2;9;9;9;2;9;9
822;1;1;1;9;9;9;9;2;9;9;9;9;3;9
823;1;5;9;9;3;9;9;9;9;4;9;9;3;9
824;1;5;9;9;3;9;9;2;9;9;9;2;9;9
825;1;5;9;2;9;9;9;2;9;9;9;2;9;9
826;2;4;9;9;3;9;9;9;3;9;9;9;3;9
827;2;3;9;2;9;9;9;2;9;9;1;9;9;9
828;2;3;9;2;9;9;9;2;9;9;9;2;9;9
829;1;4;9;2;9;9;9;2;9;9;1;9;9;9
830;2;1;9;2;9;9;9;2;9;9;1;9;9;9
831;2;1;9;2;9;9;9;2;9;9;9;9;3;9
832;2;1;9;2;9;9;9;9;3;9;9;2;9;9
833;2;3;9;2;9;9;1;9;9;9;9;9;3;9
834;1;4;9;2;9;9;9;2;9;9;1;9;9;9
835;2;1;9;9;3;9;9;9;3;9;9;9;3;9
836;2;5;9;2;9;9;9;9;3;9;9;2;9;9
837;1;1;9;2;9;9;9;2;9;9;1;9;9;9
838;1;2;9;2;9;9;9;2;9;9;9;2;9;9
839;2;2;9;2;9;9;9;9;3;9;9;2;9;9
840;2;5;9;2;9;9;9;2;9;9;9;2;9;9
841;1;3;9;2;9;9;9;2;9;9;1;9;9;9
842;2;1;9;9;3;9;9;9;3;9;9;2;9;9
843;1;2;9;2;9;9;9;2;9;9;9;2;9;9
844;1;4;1;9;9;9;9;2;9;9;9;2;9;9
845;1;1;9;2;9;9;9;2;9;9;9;9;3;9
846;1;3;9;2;9;9;9;2;9;9;9;2;9;9
847;2;4;9;9;3;9;9;9;9;4;9;9;3;9
848;2;4;9;2;9;9;9;9;3;9;9;2;9;9
849;2;1;9;2;9;9;9;2;9;9;9;2;9;9
850;1;4;9;9;3;9;9;2;9;9;9;9;3;9
851;2;5;9;2;9;9;9;9;3;9;9;2;9;9
852;2;1;9;9;3;9;9;9;3;9;9;2;9;9
853;1;3;9;2;9;9;9;2;9;9;9;2;9;9
854;2;5;9;9;3;9;9;9;3;9;9;9;3;9
855;1;2;1;9;9;9;9;2;9;9;1;9;9;9
856;2;3;9;9;3;9;9;2;9;9;9;9;3;9
857;2;4;9;9;9;4;9;2;9;9;9;2;9;9
858;1;3;9;2;9;9;1;9;9;9;9;2;9;9
859;2;5;9;9;3;9;9;9;3;9;9;9;3;9
860;1;3;9;2;9;9;9;2;9;9;9;9;3;9
861;2;5;9;2;9;9;9;2;9;9;9;9;3;9
862;1;4;9;2;9;9;9;2;9;9;1;9;9;9
863;1;1;9;2;9;9;9;9;3;9;1;9;9;9
864;2;1;9;2;9;9;9;2;9;9;9;2;9;9
865;2;3;9;2;9;9;9;2;9;9;9;2;9;9
866;2;3;9;2;9;9;9;2;9;9;9;2;9;9
867;2;1;9;2;9;9;9;2;9;9;9;2;9;9
868;2;5;9;2;9;9;9;2;9;9;1;9;9;9
869;1;1;1;9;9;9;9;2;9;9;1;9;9;9
870;2;4;9;2;9;9;9;2;9;9;1;9;9;9
871;2;5;9;2;9;9;9;2;9;9;9;2;9;9
872;2;2;9;2;9;9;9;2;9;9;9;9;3;9
873;1;5;9;2;9;9;9;9;3;9;1;9;9;9
874;1;3;9;9;9;4;9;9;3;9;9;9;9;4
875;2;2;9;2;9;9;9;2;9;9;9;2;9;9
876;1;5;9;2;9;9;9;2;9;9;9;2;9;9
877;2;4;9;2;9;9;9;2;9;9;1;9;9;9
878;1;3;9;9;3;9;9;9;3;9;9;9;3;9
879;2;3;9;9;3;9;9;9;3;9;9;9;3;9
880;2;3;9;9;3;9;9;2;9;9;9;2;9;9
881;1;2;9;2;9;9;9;9;3;9;9;9;3;9
882;1;4;9;2;9;9;9;2;9;9;9;2;9;9
883;2;2;9;2;9;9;9;2;9;9;9;2;9;9
884;1;5;9;2;9;9;9;2;9;9;1;9;9;9
885;2;2;9;9;3;9;9;9;3;9;9;9;3;9
886;2;4;9;9;3;9;9;2;9;9;9;2;9;9
887;2;5;9;2;9;9;9;9;3;9;1;9;9;9
888;2;3;9;2;9;9;9;9;3;9;9;9;3;9
889;2;2;9;9;3;9;9;2;9;9;9;9;9;4
890;2;4;9;2;9;9;9;2;9;9;9;9;3;9
891;2;5;9;9;3;9;9;9;3;9;9;9;3;9
892;2;4;9;9;3;9;9;9;3;9;9;9;3;9
893;2;1;9;2;9;9;9;9;3;9;1;9;9;9
894;1;3;9;2;9;9;9;2;9;9;9;2;9;9
895;1;4;9;2;9;9;9;9;3;9;9;2;9;9
896;1;4;9;2;9;9;9;2;9;9;9;9;3;9
897;2;4;9;2;9;9;9;2;9;9;9;2;9;9
898;2;3;9;9;3;9;9;9;3;9;9;9;3;9
899;1;2;9;2;9;9;9;2;9;9;9;2;9;9
900;2;5;1;9;9;9;1;9;9;9;1;9;9;9
901;2;2;9;2;9;9;9;9;9;9;9;9;3;9
902;1;2;9;2;9;9;9;2;9;9;9;2;9;9
903;2;5;9;9;3;9;9;9;3;9;9;2;9;9
904;2;5;9;9;3;9;9;9;3;9;9;2;9;9
905;2;3;9;2;9;9;9;2;9;9;1;9;9;9
906;1;5;9;9;3;9;9;9;3;9;9;9;3;9
907;2;5;9;9;3;9;9;9;3;9;9;9;3;9
908;2;3;9;9;3;9;9;9;9;4;9;9;3;9
909;2;5;9;9;3;9;9;2;9;9;9;9;3;9
910;2;5;9;2;9;9;9;2;9;9;9;2;9;9
911;2;5;1;9;9;9;9;2;9;9;9;2;9;9
912;1;5;9;2;9;9;9;9;3;9;1;9;9;9
913;2;4;9;2;9;9;9;9;3;9;9;9;3;9
914;2;5;9;2;9;9;9;9;3;9;9;9;3;9
915;2;3;9;9;3;9;9;9;3;9;9;2;9;9
916;1;1;9;2;9;9;9;9;3;9;1;9;9;9
917;1;3;9;2;9;9;9;2;9;9;9;2;9;9
918;2;5;9;2;9;9;9;9;3;9;9;2;9;9
919;1;3;9;2;9;9;9;9;3;9;9;9;3;9
920;1;2;9;2;9;9;9;2;9;9;9;9;3;9
921;1;5;9;2;9;9;9;2;9;9;9;2;9;9
922;1;3;9;9;3;9;9;9;3;9;9;9;3;9
923;2;4;1;9;9;9;1;9;9;9;9;2;9;9
924;2;3;9;2;9;9;9;9;3;9;9;2;9;9
925;1;5;9;2;9;9;9;2;9;9;9;2;9;9
926;1;5;9;2;9;9;9;2;9;9;9;2;9;9
927;2;3;9;2;9;9;9;2;9;9;9;2;9;9
928;2;2;9;2;9;9;9;9;3;9;9;2;9;9
929;1;3;9;2;9;9;9;9;3;9;9;2;9;9
930;1;1;9;9;3;9;9;9;3;9;1;9;9;9
931;1;1;9;2;9;9;9;9;3;9;1;9;9;9
932;1;4;9;2;9;9;1;9;9;9;1;9;9;9
933;2;3;9;2;9;9;9;9;3;9;1;9;9;9
934;1;3;9;2;9;9;9;9;3;9;1;9;9;9
935;1;3;9;2;9;9;9;2;9;9;1;9;9;9
936;1;2;9;9;3;9;9;9;3;9;9;2;9;9
937;2;4;9;2;9;9;9;9;3;9;9;9;3;9
938;2;4;9;2;9;9;9;9;3;9;9;9;9;4
939;2;4;9;9;3;9;9;9;3;9;9;2;9;9
940;2;1;9;2;9;9;9;9;3;9;9;2;9;9
941;2;3;9;2;9;9;1;9;9;9;9;2;9;9
942;2;1;9;9;3;9;9;9;3;9;9;9;3;9
943;2;1;9;2;9;9;9;9;3;9;1;9;9;9
944;2;2;9;9;3;9;9;9;3;9;9;9;3;9
945;1;5;9;2;9;9;9;2;9;9;9;2;9;9
946;1;3;9;2;9;9;9;2;9;9;1;9;9;9
947;2;5;9;2;9;9;9;2;9;9;9;9;3;9
948;2;5;9;9;3;9;9;9;3;9;1;9;9;9
949;2;2;9;2;9;9;9;2;9;9;9;2;9;9
950;1;1;1;9;9;9;9;9;3;9;1;9;9;9
951;2;5;9;2;9;9;9;9;3;9;9;2;9;9
952;2;2;9;9;3;9;9;9;3;9;9;9;3;9
953;2;5;1;9;9;9;1;9;9;9;1;9;9;9
954;2;4;9;2;9;9;9;2;9;9;9;9;3;9
955;2;2;9;2;9;9;9;2;9;9;9;9;3;9
956;2;5;9;9;3;9;9;9;3;9;1;9;9;9
957;1;3;9;2;9;9;9;2;9;9;1;9;9;9
958;1;2;9;9;3;9;9;2;9;9;1;9;9;9
959;2;1;9;2;9;9;9;9;3;9;9;9;3;9
960;2;5;9;2;9;9;9;9;3;9;1;9;9;9
961;2;5;9;2;9;9;9;2;9;9;9;9;3;9
962;1;5;9;2;9;9;9;2;9;9;9;9;3;9
963;1;2;9;2;9;9;9;2;9;9;1;9;9;9
964;2;5;9;9;3;9;9;9;3;9;9;9;3;9
965;2;5;9;9;3;9;9;2;9;9;9;2;9;9
966;2;3;9;9;3;9;9;9;3;9;1;9;9;9
967;1;5;9;2;9;9;9;9;3;9;9;2;9;9
968;2;4;1;9;9;9;9;9;3;9;9;9;3;9
969;1;5;9;2;9;9;9;9;3;9;9;9;3;9
970;2;4;9;2;9;9;9;2;9;9;9;2;9;9
971;1;2;9;2;9;9;9;2;9;9;1;9;9;9
972;2;1;9;9;3;9;9;9;3;9;9;2;9;9
973;2;1;9;2;9;9;9;2;9;9;1;9;9;9
974;2;5;9;9;3;9;9;9;3;9;9;9;3;9
975;1;5;9;2;9;9;9;2;9;9;9;9;3;9
976;2;3;9;2;9;9;1;9;9;9;9;2;9;9
977;2;3;9;2;9;9;9;2;9;9;9;2;9;9
978;1;3;9;2;9;9;9;2;9;9;1;9;9;9
979;2;4;9;2;9;9;9;2;9;9;9;2;9;9
980;1;4;9;2;9;9;9;2;9;9;1;9;9;9
981;1;3;9;2;9;9;9;2;9;9;1;9;9;9
982;2;2;9;2;9;9;9;9;3;9;1;9;9;9
983;2;1;9;9;3;9;9;9;3;9;9;2;9;9
984;2;1;9;9;3;9;9;9;9;4;9;2;9;9
985;1;4;9;2;9;9;9;2;9;9;9;2;9;9
986;1;5;9;9;3;9;9;2;9;9;9;9;3;9
987;2;3;9;2;9;9;9;2;9;9;9;2;9;9
988;2;5;9;2;9;9;9;9;3;9;1;9;9;9
989;1;5;1;9;9;9;9;2;9;9;1;9;9;9
990;1;2;9;2;9;9;9;2;9;9;9;2;9;9
991;2;5;9;2;9;9;9;2;9;9;9;2;9;9
992;2;4;9;2;9;9;9;2;9;9;9;2;9;9
993;1;2;9;9;3;9;9;9;3;9;9;9;3;9
994;2;3;9;9;3;9;9;9;3;9;9;9;3;9
995;1;4;9;2;9;9;9;9;3;9;9;9;3;9
996;2;3;9;2;9;9;9;9;3;9;9;9;3;9
997;2;3;9;2;9;9;9;2;9;9;9;2;9;9
998;1;4;9;2;9;9;9;9;3;9;9;9;3;9
999;1;4;9;2;9;9;9;2;9;9;9;9;3;9
1000;1;4;9;2;9;9;9;2;9;9;1;9;9;9
1001;2;5;9;9;3;9;9;2;9;9;9;9;3;9
1002;2;5;9;2;9;9;9;9;3;9;9;9;3;9
1003;2;5;9;2;9;9;9;9;3;9;9;2;9;9
1004;1;5;9;9;3;9;9;9;3;9;9;9;3;9
1005;1;4;9;2;9;9;9;9;3;9;9;2;9;9
1006;1;4;9;2;9;9;9;9;3;9;9;9;3;9
1007;2;2;9;2;9;9;9;9;3;9;9;9;3;9
1008;2;3;9;2;9;9;9;2;9;9;9;2;9;9
1009;2;1;9;9;3;9;9;9;3;9;9;9;3;9
1010;1;1;9;9;3;9;9;9;3;9;9;2;9;9
1011;2;3;9;2;9;9;9;9;3;9;1;9;9;9
1012;1;2;9;2;9;9;9;2;9;9;1;9;9;9
1013;2;2;9;2;9;9;9;9;3;9;9;9;3;9
1014;1;5;9;2;9;9;9;2;9;9;9;2;9;9
1015;1;5;1;9;9;9;9;2;9;9;9;2;9;9
1016;2;2;9;9;3;9;9;9;3;9;9;9;3;9
1017;2;1;9;2;9;9;9;2;9;9;9;2;9;9
1018;1;5;9;2;9;9;9;2;9;9;9;2;9;9
1019;2;4;9;2;9;9;9;2;9;9;9;9;3;9
1020;2;5;9;2;9;9;9;9;3;9;9;9;3;9
1021;2;4;9;2;9;9;9;2;9;9;9;9;3;9
1022;2;1;9;9;9;4;9;9;9;4;9;9;9;4
1023;2;2;9;9;3;9;9;9;3;9;9;2;9;9
1024;2;5;9;2;9;9;9;2;9;9;1;9;9;9
1025;1;2;9;2;9;9;9;2;9;9;9;9;3;9
1026;2;3;9;9;3;9;9;9;3;9;9;9;3;9
1027;2;2;9;2;9;9;9;9;3;9;9;2;9;9
1028;2;4;9;2;9;9;9;2;9;9;1;9;9;9
1029;2;3;9;9;3;9;9;2;9;9;9;9;3;9
1030;2;3;9;2;9;9;9;9;3;9;9;2;9;9
1031;1;1;9;9;3;9;9;2;9;9;1;9;9;9
1032;2;5;9;2;9;9;9;9;3;9;1;9;9;9
1033;2;3;9;9;3;9;9;9;3;9;9;2;9;9
1034;2;5;9;2;9;9;9;9;3;9;9;2;9;9
1035;1;2;9;2;9;9;9;2;9;9;9;2;9;9
1036;1;5;9;9;3;9;9;9;3;9;9;9;3;9
1037;1;4;9;9;3;9;9;2;9;9;9;2;9;9
1038;1;2;9;9;9;4;9;9;9;4;9;9;3;9
1039;1;1;9;9;3;9;9;9;9;4;9;9;3;9
1040;2;2;9;9;3;9;9;9;3;9;9;9;3;9
1041;1;1;9;9;3;9;9;9;3;9;9;9;3;9
1042;1;4;9;9;3;9;9;9;3;9;9;9;3;9
1043;2;4;9;9;3;9;9;9;3;9;9;9;3;9
1044;2;3;9;2;9;9;9;2;9;9;9;2;9;9
1045;2;1;1;9;9;9;9;9;3;9;9;9;3;9
1046;1;1;1;9;9;9;1;9;9;9;1;9;9;9
1047;2;5;9;2;9;9;9;2;9;9;9;9;3;9
1048;1;5;1;9;9;9;9;9;3;9;9;9;3;9
1049;2;5;9;9;3;9;9;9;3;9;9;9;3;9
1050;1;2;9;2;9;9;9;2;9;9;9;2;9;9
1051;2;3;9;2;9;9;9;2;9;9;9;2;9;9
1052;2;3;9;2;9;9;9;9;3;9;1;9;9;9
1053;2;4;9;2;9;9;9;2;9;9;9;2;9;9
1054;2;3;9;2;9;9;9;2;9;9;9;2;9;9
1055;2;3;9;2;9;9;9;2;9;9;9;2;9;9
1056;2;4;9;9;3;9;9;2;9;9;1;9;9;9
1057;2;1;9;2;9;9;9;9;3;9;9;9;3;9
1058;1;1;9;2;9;9;9;2;9;9;9;9;3;9
1059;1;4;9;2;9;9;9;2;9;9;9;9;3;9
1060;2;2;9;9;9;4;9;9;3;9;9;9;9;4
1061;2;1;9;9;9;9;9;9;9;9;9;9;9;9
1062;1;4;9;2;9;9;9;2;9;9;9;2;9;9
1063;2;4;9;9;3;9;9;9;9;4;9;9;3;9
1064;2;5;9;2;9;9;9;2;9;9;9;2;9;9
1065;1;5;9;9;3;9;9;2;9;9;1;9;9;9
1066;2;1;9;9;3;9;9;9;3;9;9;9;3;9
1067;2;3;9;9;3;9;9;2;9;9;9;2;9;9
1068;2;3;1;9;9;9;9;2;9;9;9;9;3;9
1069;2;4;9;9;3;9;9;9;3;9;1;9;9;9
1070;2;5;9;2;9;9;9;9;3;9;9;2;9;9
1071;2;2;9;9;3;9;9;9;3;9;9;9;3;9
1072;1;1;9;2;9;9;9;9;3;9;9;2;9;9
1073;1;4;9;9;3;9;9;9;3;9;9;9;3;9
1074;2;5;9;2;9;9;9;2;9;9;9;9;3;9
1075;1;3;9;2;9;9;9;2;9;9;9;2;9;9
1076;1;5;1;9;9;9;9;2;9;9;1;9;9;9
1077;1;1;9;9;3;9;9;9;3;9;9;2;9;9
1078;1;3;9;2;9;9;9;2;9;9;9;2;9;9
1079;2;1;9;9;3;9;9;9;3;9;9;9;3;9
1080;2;4;9;2;9;9;9;9;3;9;9;9;3;9
1081;2;1;9;2;9;9;9;9;9;4;9;9;3;9
1082;1;1;9;9;3;9;9;9;9;4;9;9;9;4
1083;1;3;9;9;3;9;9;9;3;9;9;2;9;9
1084;1;1;9;9;9;4;9;9;3;9;9;9;9;4
1085;2;2;9;9;3;9;9;9;3;9;9;2;9;9
1086;2;3;9;9;3;9;9;9;3;9;9;9;3;9
1087;2;5;1;9;9;9;9;2;9;9;1;9;9;9
1088;2;5;9;2;9;9;9;2;9;9;9;9;3;9
1089;2;1;9;2;9;9;9;2;9;9;9;9;3;9
1090;1;5;9;9;3;9;9;2;9;9;1;9;9;9
1091;1;5;9;2;9;9;9;2;9;9;9;9;3;9
1092;2;4;9;2;9;9;9;9;3;9;9;9;3;9
1093;2;5;9;2;9;9;9;2;9;9;9;2;9;9
1094;2;5;9;9;3;9;9;9;3;9;9;2;9;9
1095;2;5;1;9;9;9;1;9;9;9;1;9;9;9
1096;2;5;9;2;9;9;9;9;3;9;9;9;3;9
1097;2;3;9;2;9;9;9;9;3;9;9;9;3;9
1098;2;5;9;2;9;9;9;2;9;9;1;9;9;9
1099;2;1;9;2;9;9;9;2;9;9;9;9;3;9
1100;2;2;9;9;9;4;9;9;3;9;9;9;9;4
1101;2;5;9;2;9;9;9;2;9;9;9;2;9;9
1102;2;4;1;9;9;9;1;9;9;9;1;9;9;9
1103;2;5;9;2;9;9;9;9;3;9;9;2;9;9
1104;1;2;9;2;9;9;9;2;9;9;9;2;9;9
1105;1;3;9;9;3;9;9;9;3;9;9;2;9;9
1106;2;5;9;2;9;9;9;9;3;9;9;2;9;9
1107;2;4;9;2;9;9;9;2;9;9;9;2;9;9
1108;2;3;9;9;3;9;9;9;3;9;9;9;3;9
1109;1;4;9;2;9;9;9;2;9;9;9;2;9;9
1110;2;5;9;2;9;9;9;2;9;9;9;2;9;9
1111;1;1;9;2;9;9;9;9;3;9;9;9;3;9
1112;1;4;9;9;3;9;9;2;9;9;9;9;3;9
1113;2;2;9;9;3;9;9;9;3;9;9;9;3;9
1114;2;5;9;9;3;9;9;9;3;9;9;9;3;9
1115;2;4;9;9;3;9;9;9;3;9;9;2;9;9
1116;1;4;9;2;9;9;9;2;9;9;9;2;9;9
1117;2;1;9;2;9;9;9;9;3;9;1;9;9;9
1118;1;5;9;9;3;9;9;9;9;4;9;9;3;9
1119;2;5;9;2;9;9;9;2;9;9;9;2;9;9
1120;1;2;9;9;3;9;9;2;9;9;9;9;3;9
1121;2;1;9;9;3;9;9;9;3;9;9;9;3;9
1122;2;2;9;2;9;9;9;2;9;9;1;9;9;9
1123;1;4;9;2;9;9;9;2;9;9;9;2;9;9
1124;2;2;9;2;9;9;1;9;9;9;9;2;9;9
1125;1;5;9;9;3;9;9;9;3;9;9;2;9;9
1126;2;5;9;2;9;9;1;9;9;9;9;2;9;9
1127;1;5;1;9;9;9;9;2;9;9;1;9;9;9
1128;2;5;9;2;9;9;9;2;9;9;9;9;3;9
1129;1;2;9;9;3;9;9;9;3;9;9;9;3;9
1130;1;5;9;9;9;9;9;9;3;9;1;9;9;9
1131;2;3;9;9;3;9;9;9;3;9;9;2;9;9
1132;2;4;9;2;9;9;9;2;9;9;9;2;9;9
1133;2;4;9;2;9;9;9;2;9;9;9;2;9;9
1134;1;3;9;2;9;9;9;2;9;9;1;9;9;9
1135;2;3;9;2;9;9;1;9;9;9;9;2;9;9
1136;1;3;9;2;9;9;9;9;3;9;1;9;9;9
1137;2;3;9;9;3;9;9;9;3;9;9;9;3;9
1138;1;4;9;2;9;9;9;2;9;9;9;2;9;9
1139;2;3;9;2;9;9;9;9;3;9;9;9;3;9
1140;1;5;9;2;9;9;9;9;3;9;9;9;9;4
1141;1;5;9;2;9;9;9;9;3;9;9;9;3;9
1142;1;5;9;2;9;9;9;2;9;9;9;2;9;9
1143;1;3;9;9;3;9;9;9;3;9;9;2;9;9
1144;1;3;9;9;3;9;9;2;9;9;9;2;9;9
1145;2;2;9;9;3;9;9;9;9;4;9;9;3;9
1146;1;3;9;2;9;9;9;9;9;9;9;2;9;9
1147;1;2;9;2;9;9;9;9;3;9;9;2;9;9
1148;2;3;9;2;9;9;9;2;9;9;9;2;9;9
1149;1;5;9;2;9;9;9;2;9;9;9;2;9;9
1150;1;1;9;9;3;9;9;2;9;9;1;9;9;9
1151;1;2;9;2;9;9;9;9;3;9;1;9;9;9
1152;1;1;9;9;3;9;9;9;3;9;9;9;3;9
1153;2;3;9;9;3;9;9;2;9;9;9;2;9;9
1154;2;3;9;2;9;9;9;2;9;9;9;2;9;9
1155;2;3;9;9;3;9;9;9;3;9;9;2;9;9
1156;1;2;9;2;9;9;9;9;3;9;1;9;9;9
1157;1;3;9;2;9;9;9;9;3;9;9;9;3;9
1158;2;1;9;9;3;9;9;9;3;9;9;9;3;9
1159;2;4;9;9;3;9;9;2;9;9;9;2;9;9
1160;2;1;9;9;3;9;9;9;3;9;9;2;9;9
1161;1;1;9;2;9;9;9;2;9;9;9;9;3;9
1162;1;4;9;2;9;9;9;2;9;9;9;2;9;9
1163;1;5;9;2;9;9;9;9;3;9;9;9;3;9
1164;1;4;9;9;3;9;9;9;3;9;9;9;3;9
1165;1;1;9;2;9;9;9;9;3;9;9;2;9;9
1166;2;1;9;2;9;9;9;9;3;9;9;2;9;9
1167;2;5;9;9;3;9;9;9;3;9;1;9;9;9
1168;2;4;9;2;9;9;9;9;3;9;9;2;9;9
1169;2;2;9;2;9;9;9;2;9;9;9;9;3;9
1170;2;5;9;9;3;9;9;9;3;9;9;9;3;9
1171;2;3;9;2;9;9;9;2;9;9;9;9;3;9
1172;1;3;9;2;9;9;9;2;9;9;9;2;9;9
1173;1;5;9;2;9;9;9;9;3;9;9;9;3;9
1174;2;2;9;2;9;9;9;9;3;9;1;9;9;9
1175;1;4;1;9;9;9;9;9;3;9;9;9;3;9
1176;1;3;9;2;9;9;1;9;9;9;1;9;9;9
1177;2;4;9;9;3;9;9;9;3;9;9;2;9;9
1178;1;3;9;2;9;9;9;2;9;9;9;2;9;9
1179;1;5;9;2;9;9;9;2;9;9;9;9;3;9
1180;2;3;9;2;9;9;9;2;9;9;9;9;3;9
1181;2;4;9;2;9;9;9;9;3;9;9;9;3;9
1182;2;3;9;9;3;9;9;9;3;9;9;9;3;9
1183;2;3;9;9;3;9;9;2;9;9;9;9;3;9
1184;2;4;9;2;9;9;9;2;9;9;9;2;9;9
1185;2;4;9;2;9;9;9;9;3;9;9;2;9;9
1186;2;4;9;2;9;9;9;2;9;9;1;9;9;9
1187;1;2;9;2;9;9;9;2;9;9;9;2;9;9
1188;2;4;9;2;9;9;9;2;9;9;9;2;9;9
1189;2;4;9;2;9;9;9;2;9;9;9;2;9;9
1190;2;5;9;2;9;9;9;2;9;9;9;2;9;9
1191;1;1;9;9;3;9;9;9;3;9;9;2;9;9
1192;2;5;9;2;9;9;9;9;3;9;9;2;9;9
1193;2;5;9;2;9;9;9;2;9;9;9;2;9;9
1194;2;4;9;2;9;9;9;2;9;9;9;2;9;9
1195;1;4;9;9;3;9;9;9;3;9;1;9;9;9
1196;2;2;9;9;3;9;9;2;9;9;1;9;9;9
1197;1;3;9;9;9;9;9;9;9;9;9;9;9;9
1198;2;2;9;2;9;9;9;2;9;9;9;2;9;9
1199;1;3;9;2;9;9;9;2;9;9;9;2;9;9
1200;2;4;9;2;9;9;9;2;9;9;9;2;9;9
1201;2;1;1;9;9;9;9;2;9;9;1;9;9;9
1202;1;2;9;9;3;9;9;9;3;9;1;9;9;9
1203;2;5;9;2;9;9;9;2;9;9;9;2;9;9
1204;2;4;1;9;9;9;1;9;9;9;1;9;9;9
1205;2;3;9;2;9;9;9;2;9;9;9;2;9;9
1206;1;2;9;2;9;9;9;2;9;9;9;2;9;9
1207;1;4;9;2;9;9;9;9;3;9;9;2;9;9
1208;1;2;9;2;9;9;1;9;9;9;1;9;9;9
1209;2;2;9;9;3;9;9;9;3;9;9;2;9;9
1210;2;2;9;9;3;9;9;9;3;9;9;2;9;9
1211;1;2;9;9;3;9;9;9;3;9;9;2;9;9
1212;2;2;9;2;9;9;9;9;3;9;1;9;9;9
1213;2;3;9;2;9;9;9;9;3;9;9;9;3;9
1214;1;3;9;2;9;9;9;2;9;9;9;9;3;9
1215;1;4;9;9;3;9;9;9;3;9;1;9;9;9
1216;2;4;1;9;9;9;1;9;9;9;1;9;9;9
1217;1;1;1;9;9;9;1;9;9;9;1;9;9;9
1218;2;2;9;9;3;9;9;9;3;9;9;2;9;9
1219;2;3;9;2;9;9;9;9;3;9;1;9;9;9
1220;2;1;9;2;9;9;9;9;3;9;9;9;3;9
1221;2;2;9;9;3;9;9;9;3;9;9;9;9;4
1222;2;2;9;2;9;9;9;2;9;9;9;2;9;9
1223;2;5;9;9;3;9;9;9;3;9;9;9;9;4
1224;2;2;1;9;9;9;9;2;9;9;9;9;3;9
1225;2;4;9;9;3;9;9;9;3;9;9;9;3;9
1226;2;3;9;2;9;9;9;9;3;9;9;2;9;9
1227;2;4;9;2;9;9;9;2;9;9;9;9;3;9
1228;2;4;9;2;9;9;9;2;9;9;1;9;9;9
1229;1;4;9;2;9;9;9;2;9;9;9;9;3;9
1230;1;2;9;2;9;9;9;2;9;9;9;2;9;9
1231;1;2;9;2;9;9;9;9;3;9;9;9;3;9
1232;2;3;9;2;9;9;1;9;9;9;9;2;9;9
1233;2;5;9;2;9;9;9;2;9;9;9;2;9;9
1234;2;4;1;9;9;9;9;9;3;9;1;9;9;9
1235;2;3;9;9;3;9;9;9;3;9;9;9;9;4
1236;2;2;9;9;3;9;9;9;3;9;9;9;3;9
1237;2;3;9;2;9;9;9;2;9;9;9;9;9;9
1238;2;4;9;2;9;9;9;2;9;9;9;2;9;9
1239;2;5;9;2;9;9;9;9;3;9;9;2;9;9
1240;1;1;9;9;3;9;9;2;9;9;9;2;9;9
1241;2;4;9;9;3;9;9;9;3;9;1;9;9;9
1242;2;2;9;2;9;9;9;9;3;9;9;9;3;9
1243;2;4;9;9;3;9;1;9;9;9;1;9;9;9
1244;2;2;9;9;3;9;9;9;3;9;9;9;3;9
1245;1;5;9;2;9;9;9;2;9;9;9;2;9;9
1246;2;5;9;2;9;9;9;2;9;9;9;2;9;9
1247;2;2;9;2;9;9;9;2;9;9;9;2;9;9
1248;2;2;9;2;9;9;9;2;9;9;1;9;9;9
1249;2;3;9;2;9;9;9;9;3;9;9;2;9;9
1250;2;2;9;2;9;9;9;2;9;9;1;9;9;9
1251;2;3;9;9;3;9;9;9;3;9;9;2;9;9
1252;2;2;1;9;9;9;9;2;9;9;1;9;9;9
1253;2;3;9;2;9;9;9;9;3;9;9;9;3;9
1254;2;2;9;2;9;9;9;2;9;9;9;2;9;9
1255;1;1;9;9;3;9;9;9;3;9;9;9;3;9
1256;2;5;9;2;9;9;9;2;9;9;9;9;3;9
1257;2;2;9;2;9;9;9;9;3;9;9;2;9;9
1258;1;3;9;9;3;9;9;9;3;9;9;9;3;9
1259;2;3;9;9;3;9;9;9;3;9;9;9;3;9
1260;1;5;9;2;9;9;9;9;3;9;9;2;9;9
1261;2;4;9;9;3;9;9;9;3;9;9;2;9;9
1262;1;5;9;2;9;9;9;9;3;9;1;9;9;9
1263;1;5;9;9;3;9;9;9;3;9;9;2;9;9
1264;2;5;9;2;9;9;9;9;3;9;1;9;9;9
1265;1;5;9;2;9;9;9;9;3;9;9;2;9;9
1266;1;3;9;9;3;9;9;9;3;9;1;9;9;9
1267;2;5;9;2;9;9;9;2;9;9;1;9;9;9
1268;1;3;1;9;9;9;9;9;3;9;9;2;9;9
1269;2;5;9;9;3;9;9;9;3;9;9;9;3;9
1270;2;3;9;2;9;9;9;2;9;9;9;2;9;9
1271;2;5;9;2;9;9;9;2;9;9;9;2;9;9
1272;1;5;9;9;3;9;9;9;3;9;9;2;9;9
1273;1;5;9;2;9;9;9;2;9;9;9;9;9;9
1274;2;5;9;2;9;9;9;2;9;9;9;9;3;9
1275;2;5;9;9;3;9;9;9;3;9;1;9;9;9
1276;2;5;9;2;9;9;9;2;9;9;1;9;9;9
1277;2;1;9;2;9;9;9;9;3;9;9;9;3;9
1278;2;5;9;2;9;9;9;9;3;9;9;2;9;9
1279;1;5;9;2;9;9;9;2;9;9;9;2;9;9
1280;2;5;9;2;9;9;9;2;9;9;9;2;9;9
1281;2;5;9;2;9;9;9;9;3;9;9;2;9;9
1282;2;4;9;2;9;9;9;2;9;9;9;2;9;9
1283;2;5;9;2;9;9;9;9;3;9;1;9;9;9
1284;1;5;9;9;3;9;9;9;3;9;9;2;9;9
1285;1;2;9;2;9;9;9;2;9;9;1;9;9;9
1286;2;5;9;2;9;9;9;2;9;9;9;2;9;9
1287;1;5;9;9;3;9;9;2;9;9;9;2;9;9
1288;2;5;1;9;9;9;9;9;3;9;1;9;9;9
1289;2;5;9;2;9;9;9;9;3;9;9;2;9;9
1290;1;2;9;2;9;9;9;9;3;9;9;2;9;9
1291;2;5;9;2;9;9;9;2;9;9;1;9;9;9
1292;2;1;9;2;9;9;9;2;9;9;9;9;3;9
1293;2;5;9;9;9;4;9;9;9;4;9;2;9;9
1294;2;5;9;9;3;9;9;2;9;9;9;2;9;9
1295;2;5;9;2;9;9;9;2;9;9;9;9;3;9
1296;2;2;9;9;3;9;9;9;3;9;9;2;9;9
1297;2;5;9;2;9;9;9;9;3;9;9;9;3;9
1298;1;5;9;2;9;9;9;2;9;9;9;2;9;9
1299;2;4;9;2;9;9;9;2;9;9;9;2;9;9
1300;2;5;9;2;9;9;9;2;9;9;1;9;9;9
1301;1;5;9;2;9;9;9;9;3;9;9;2;9;9
1302;2;5;9;2;9;9;9;2;9;9;9;9;3;9
1303;2;5;9;2;9;9;9;9;3;9;9;9;3;9
1304;2;5;9;2;9;9;9;2;9;9;9;2;9;9
1305;2;3;9;2;9;9;9;9;3;9;9;9;3;9
1306;2;5;9;2;9;9;9;9;3;9;9;9;3;9
1307;2;5;9;2;9;9;9;2;9;9;9;9;3;9
1308;2;5;9;2;9;9;1;9;9;9;1;9;9;9
1309;2;2;9;2;9;9;9;2;9;9;9;9;3;9
1310;2;4;9;9;3;9;9;9;3;9;9;9;9;4
1311;2;5;9;2;9;9;9;2;9;9;9;2;9;9
1312;1;1;1;9;9;9;9;2;9;9;9;9;3;9
1313;1;5;9;9;3;9;1;9;9;9;9;9;3;9
1314;2;5;9;9;3;9;9;9;9;4;9;2;9;9
1315;1;5;9;9;3;9;9;9;3;9;9;9;3;9
1316;2;4;9;9;3;9;9;9;3;9;9;2;9;9
1317;2;5;9;2;9;9;9;9;3;9;9;9;3;9
1318;2;5;1;9;9;9;9;9;3;9;9;9;3;9
1319;2;3;1;9;9;9;9;2;9;9;1;9;9;9
1320;2;4;9;2;9;9;9;2;9;9;9;9;3;9
1321;2;1;1;9;9;9;9;2;9;9;1;9;9;9
1322;2;4;9;9;3;9;9;2;9;9;9;2;9;9
1323;2;4;9;2;9;9;9;2;9;9;9;9;3;9
1324;1;5;9;9;3;9;9;9;3;9;9;9;9;9
1325;2;1;9;2;9;9;9;9;3;9;9;9;3;9
1326;2;5;9;2;9;9;9;2;9;9;9;2;9;9
1327;1;1;9;9;3;9;9;9;3;9;9;9;3;9
1328;2;5;9;2;9;9;9;2;9;9;9;9;3;9
1329;2;5;9;2;9;9;9;2;9;9;9;9;3;9
1330;2;5;9;2;9;9;9;2;9;9;9;9;3;9
1331;1;1;9;9;3;9;9;9;3;9;9;9;3;9
1332;2;5;9;9;3;9;9;9;3;9;9;9;3;9
1333;1;5;9;9;3;9;9;9;3;9;9;2;9;9
1334;1;5;9;9;3;9;9;9;9;4;9;9;9;4
1335;1;5;9;9;3;9;9;9;3;9;9;9;3;9
1336;1;5;9;9;3;9;9;9;3;9;9;9;3;9
1337;2;5;9;9;3;9;9;2;9;9;9;2;9;9
1338;2;5;9;9;3;9;9;9;3;9;9;9;3;9
1339;2;5;9;9;3;9;9;9;3;9;9;9;3;9
1340;1;2;9;9;9;4;9;9;3;9;9;9;9;4
1341;2;5;9;9;3;9;9;9;3;9;9;2;9;9
1342;1;5;9;2;9;9;9;2;9;9;9;2;9;9
1343;1;5;9;9;3;9;9;2;9;9;9;2;9;9
1344;2;5;9;2;9;9;9;9;3;9;9;2;9;9
1345;2;5;9;2;9;9;9;9;9;9;1;9;9;9
1346;1;5;9;2;9;9;9;9;9;9;9;2;9;9
1347;2;5;9;2;9;9;9;9;3;9;9;2;9;9
1348;1;1;9;9;3;9;9;9;3;9;1;9;9;9
1349;1;3;9;2;9;9;9;2;9;9;9;9;3;9
1350;2;1;9;2;9;9;9;2;9;9;9;9;3;9
1351;2;2;9;2;9;9;9;9;3;9;1;9;9;9
1352;1;2;9;9;3;9;9;9;3;9;9;9;3;9
1353;2;2;9;2;9;9;9;2;9;9;9;2;9;9
1354;2;5;9;2;9;9;9;2;9;9;9;9;3;9
1355;2;5;9;2;9;9;9;2;9;9;9;2;9;9
1356;2;5;9;2;9;9;9;2;9;9;9;2;9;9
1357;1;5;9;2;9;9;9;9;3;9;9;9;3;9
1358;1;5;9;2;9;9;1;9;9;9;1;9;9;9
1359;2;5;9;9;9;4;9;9;3;9;9;9;3;9
1360;1;4;9;2;9;9;9;2;9;9;9;9;3;9
1361;1;1;9;2;9;9;9;9;3;9;9;2;9;9
1362;2;4;9;2;9;9;9;9;3;9;9;2;9;9
1363;1;4;9;9;3;9;9;9;3;9;9;2;9;9
1364;1;5;9;2;9;9;9;9;3;9;9;2;9;9
1365;2;4;1;9;9;9;9;2;9;9;9;2;9;9
1366;2;5;9;2;9;9;9;2;9;9;9;9;3;9
1367;2;5;9;2;9;9;9;2;9;9;9;2;9;9
1368;2;5;9;9;3;9;9;9;3;9;9;9;3;9
1369;2;5;9;2;9;9;9;2;9;9;9;2;9;9
1370;1;3;9;9;3;9;9;9;3;9;9;9;3;9
1371;2;5;9;2;9;9;9;2;9;9;9;9;3;9
1372;2;2;9;2;9;9;9;9;3;9;9;9;3;9
1373;2;5;9;2;9;9;9;9;3;9;9;9;3;9
1374;1;4;9;9;3;9;9;9;3;9;9;9;3;9
1375;2;5;1;9;9;9;9;2;9;9;9;9;9;9
1376;1;3;9;9;3;9;9;9;3;9;9;9;9;4
1377;2;2;9;2;9;9;9;2;9;9;9;2;9;9
1378;2;5;9;2;9;9;9;2;9;9;9;2;9;9
1379;2;5;9;2;9;9;9;9;3;9;9;2;9;9
1380;1;5;9;9;3;9;9;9;3;9;9;9;3;9
1381;2;5;9;2;9;9;9;2;9;9;9;2;9;9
1382;1;4;9;2;9;9;9;2;9;9;9;9;3;9
1383;1;5;1;9;9;9;1;9;9;9;1;9;9;9
1384;2;4;9;2;9;9;9;2;9;9;1;9;9;9
1385;1;2;9;2;9;9;9;2;9;9;1;9;9;9
1386;2;5;9;2;9;9;9;9;3;9;9;2;9;9
1387;2;5;9;2;9;9;9;9;3;9;9;9;3;9
1388;1;1;9;9;3;9;9;9;9;4;1;9;9;9
1389;2;5;9;2;9;9;9;9;3;9;9;2;9;9
1390;1;5;9;2;9;9;9;9;3;9;9;2;9;9
1391;2;5;9;2;9;9;9;2;9;9;9;2;9;9
1392;1;5;1;9;9;9;9;2;9;9;9;9;3;9
1393;2;3;1;9;9;9;9;2;9;9;1;9;9;9
1394;1;5;1;9;9;9;1;9;9;9;1;9;9;9
1395;1;4;9;2;9;9;9;9;3;9;9;2;9;9
1396;2;5;1;9;9;9;1;9;9;9;1;9;9;9
1397;2;5;9;2;9;9;9;9;3;9;9;9;3;9
1398;1;2;9;2;9;9;9;2;9;9;9;2;9;9
1399;1;5;9;9;3;9;9;2;9;9;9;9;3;9
1400;2;5;1;9;9;9;9;2;9;9;9;2;9;9
1401;2;5;9;2;9;9;9;2;9;9;9;2;9;9
1402;1;3;9;9;3;9;9;9;3;9;9;9;3;9
1403;2;5;9;9;3;9;9;9;3;9;9;2;9;9
1404;2;4;9;9;3;9;9;9;3;9;9;9;3;9
1405;2;4;9;9;3;9;9;9;3;9;9;9;3;9
1406;2;2;9;2;9;9;9;2;9;9;1;9;9;9
1407;1;3;9;9;3;9;9;9;3;9;9;2;9;9
1408;2;5;9;9;3;9;9;9;3;9;9;9;3;9
1409;1;2;1;9;9;9;9;2;9;9;9;2;9;9
1410;2;3;9;9;3;9;9;2;9;9;9;9;3;9
1411;2;5;9;9;3;9;9;9;3;9;9;9;3;9
1412;2;1;9;2;9;9;9;2;9;9;1;9;9;9
1413;2;5;9;2;9;9;9;2;9;9;9;2;9;9
1414;2;5;9;2;9;9;9;2;9;9;9;2;9;9
1415;1;5;9;2;9;9;9;9;3;9;9;2;9;9
1416;2;5;9;2;9;9;9;9;3;9;9;9;3;9
1417;2;2;1;9;9;9;9;2;9;9;9;9;3;9
1418;2;5;9;2;9;9;9;2;9;9;9;2;9;9
1419;2;4;9;2;9;9;9;2;9;9;9;2;9;9
1420;1;5;9;9;3;9;9;9;3;9;9;9;3;9
1421;1;5;9;2;9;9;1;9;9;9;9;2;9;9
1422;2;1;9;2;9;9;9;9;3;9;1;9;9;9
1423;1;5;9;9;3;9;9;2;9;9;9;2;9;9
1424;2;5;9;2;9;9;9;2;9;9;9;2;9;9
1425;2;5;9;9;3;9;1;9;9;9;1;9;9;9
1426;2;4;9;2;9;9;9;2;9;9;1;9;9;9
1427;2;4;9;2;9;9;9;2;9;9;9;9;3;9
1428;1;5;9;2;9;9;9;9;9;9;9;9;3;9
1429;1;5;9;2;9;9;9;9;3;9;9;2;9;9
1430;1;5;9;9;3;9;9;9;3;9;9;2;9;9
1431;1;5;9;9;3;9;9;9;3;9;1;9;9;9
1432;2;5;9;2;9;9;9;2;9;9;9;2;9;9
1433;1;5;9;2;9;9;9;9;3;9;9;2;9;9
1434;2;5;9;2;9;9;9;9;3;9;9;9;3;9
1435;2;3;9;9;9;4;9;9;3;9;9;9;3;9
1436;2;5;9;2;9;9;9;2;9;9;9;2;9;9
1437;1;2;9;2;9;9;9;9;3;9;9;9;3;9
1438;2;1;9;9;3;9;1;9;9;9;9;2;9;9
1439;2;5;9;9;3;9;9;2;9;9;9;2;9;9
1440;2;4;9;2;9;9;9;2;9;9;9;9;3;9
1441;2;3;9;2;9;9;9;2;9;9;9;2;9;9
1442;1;1;9;9;3;9;9;9;3;9;9;9;3;9
1443;2;5;9;9;3;9;9;9;3;9;9;2;9;9
1444;1;2;9;9;3;9;9;2;9;9;9;9;3;9
1445;1;5;9;9;3;9;9;9;3;9;9;9;3;9
1446;1;3;9;9;3;9;9;9;3;9;9;9;3;9
1447;1;3;9;9;3;9;9;9;3;9;9;2;9;9
1448;2;1;9;2;9;9;9;2;9;9;9;2;9;9
1449;1;4;9;9;3;9;9;9;3;9;9;2;9;9
1450;1;5;1;9;9;9;1;9;9;9;9;2;9;9
1451;2;4;9;2;9;9;9;2;9;9;9;2;9;9
1452;2;5;9;9;3;9;9;2;9;9;9;9;3;9
1453;2;5;9;9;3;9;9;2;9;9;1;9;9;9
1454;2;4;9;2;9;9;9;2;9;9;9;2;9;9
1455;1;4;1;9;9;9;1;9;9;9;9;2;9;9
1456;2;4;9;9;3;9;9;9;3;9;1;9;9;9
1457;1;2;9;2;9;9;9;9;3;9;9;2;9;9
1458;2;4;1;9;9;9;1;9;9;9;1;9;9;9
1459;2;1;9;2;9;9;9;9;3;9;9;9;3;9
1460;2;2;1;9;9;9;9;2;9;9;9;9;3;9
1461;2;5;9;9;3;9;9;9;3;9;9;2;9;9
1462;1;4;9;2;9;9;9;2;9;9;9;2;9;9
1463;1;4;9;2;9;9;9;2;9;9;9;2;9;9
1464;1;2;9;9;3;9;9;9;3;9;9;9;3;9
1465;2;2;1;9;9;9;9;9;3;9;1;9;9;9
1466;1;5;9;2;9;9;9;9;3;9;9;9;3;9
1467;2;3;9;2;9;9;9;9;3;9;1;9;9;9
1468;2;5;9;2;9;9;9;2;9;9;1;9;9;9
1469;2;5;9;2;9;9;9;2;9;9;9;2;9;9
1470;1;3;9;2;9;9;9;2;9;9;9;9;3;9
1471;2;5;9;2;9;9;9;2;9;9;9;2;9;9
1472;2;4;1;9;9;9;9;2;9;9;9;2;9;9
1473;2;5;9;2;9;9;9;2;9;9;9;2;9;9
1474;2;5;9;2;9;9;9;2;9;9;9;2;9;9
1475;1;4;9;2;9;9;9;9;3;9;9;2;9;9
1476;2;3;9;2;9;9;9;9;3;9;9;2;9;9
1477;1;4;9;2;9;9;9;2;9;9;9;2;9;9
1478;2;2;9;9;3;9;9;2;9;9;1;9;9;9
1479;2;5;1;9;9;9;9;2;9;9;9;2;9;9
1480;2;4;9;9;3;9;9;2;9;9;9;9;3;9
1481;2;4;9;2;9;9;9;2;9;9;9;9;3;9
1482;1;4;9;2;9;9;9;2;9;9;9;2;9;9
1483;2;4;9;9;3;9;9;2;9;9;9;2;9;9
1484;2;4;9;2;9;9;9;2;9;9;9;2;9;9
1485;2;5;9;2;9;9;9;2;9;9;9;2;9;9
1486;1;5;9;9;3;9;9;9;3;9;9;9;3;9
1487;2;4;1;9;9;9;1;9;9;9;9;9;3;9
1488;2;5;9;9;3;9;9;9;3;9;9;9;3;9
1489;1;1;9;9;3;9;9;9;3;9;1;9;9;9
1490;1;5;9;9;3;9;9;9;3;9;9;9;3;9
1491;2;3;9;9;3;9;9;2;9;9;9;9;3;9
1492;2;5;9;2;9;9;9;2;9;9;9;9;3;9
1493;1;1;9;9;3;9;9;9;3;9;9;9;9;4
1494;2;5;1;9;9;9;9;2;9;9;9;2;9;9
1495;1;1;9;2;9;9;9;9;3;9;9;9;9;4
1496;2;2;9;9;9;4;9;2;9;9;9;9;3;9
1497;1;5;9;2;9;9;9;2;9;9;9;2;9;9
1498;2;5;9;9;9;4;9;9;9;4;9;9;3;9
1499;1;5;9;2;9;9;9;2;9;9;9;2;9;9
1500;1;5;9;2;9;9;9;2;9;9;9;9;3;9
1501;2;1;9;2;9;9;9;2;9;9;1;9;9;9
1502;1;5;9;2;9;9;9;9;3;9;9;9;3;9
1503;2;2;9;2;9;9;9;2;9;9;9;9;3;9
1504;2;1;9;2;9;9;9;9;3;9;9;2;9;9
1505;1;4;9;2;9;9;9;9;3;9;9;9;3;9
1506;2;4;9;9;3;9;9;2;9;9;9;2;9;9
1507;1;5;9;2;9;9;9;2;9;9;9;9;3;9
1508;2;4;9;2;9;9;9;2;9;9;9;2;9;9
1509;2;1;9;9;3;9;1;9;9;9;9;9;3;9
1510;2;5;9;2;9;9;9;9;3;9;1;9;9;9
1511;1;5;9;2;9;9;9;9;9;9;1;9;9;9
1512;2;1;9;9;3;9;9;9;3;9;9;9;3;9
1513;2;1;9;9;3;9;9;2;9;9;9;9;3;9
1514;2;5;9;2;9;9;9;9;3;9;9;9;3;9
1515;1;5;9;9;3;9;9;2;9;9;9;9;3;9
1516;1;5;9;2;9;9;9;9;3;9;9;9;3;9
1517;1;3;9;2;9;9;9;2;9;9;9;2;9;9
1518;1;5;1;9;9;9;9;9;3;9;9;9;3;9
1519;1;4;9;9;3;9;9;9;3;9;9;9;3;9
1520;2;5;9;2;9;9;9;9;3;9;9;2;9;9
1521;2;1;9;9;3;9;9;2;9;9;9;9;3;9
1522;2;5;9;2;9;9;1;9;9;9;9;9;3;9
1523;2;2;9;2;9;9;9;9;3;9;9;9;3;9
1524;2;5;9;2;9;9;9;2;9;9;9;2;9;9
1525;2;5;9;9;3;9;9;9;3;9;9;9;3;9
1526;2;5;9;2;9;9;9;2;9;9;9;9;3;9
1527;2;5;9;9;3;9;9;2;9;9;9;2;9;9
1528;2;3;9;2;9;9;9;2;9;9;9;2;9;9
1529;2;4;9;2;9;9;9;2;9;9;1;9;9;9
1530;1;2;9;2;9;9;9;2;9;9;1;9;9;9
1531;1;4;9;2;9;9;9;2;9;9;1;9;9;9
1532;2;5;1;9;9;9;9;2;9;9;9;9;3;9
1533;1;3;9;2;9;9;9;2;9;9;9;2;9;9
1534;2;4;9;2;9;9;9;9;3;9;1;9;9;9
1535;2;5;9;9;3;9;9;9;9;4;9;9;3;9
1536;1;4;1;9;9;9;9;2;9;9;1;9;9;9
1537;2;3;9;2;9;9;9;2;9;9;9;2;9;9
1538;2;4;9;2;9;9;9;2;9;9;9;9;3;9
1539;1;5;9;2;9;9;9;2;9;9;9;9;3;9
1540;2;1;9;2;9;9;9;9;3;9;9;9;3;9
1541;2;2;9;2;9;9;9;9;3;9;1;9;9;9
1542;2;5;9;2;9;9;9;2;9;9;9;9;9;9
1543;2;5;9;2;9;9;9;2;9;9;9;2;9;9
1544;2;5;9;2;9;9;9;2;9;9;9;9;3;9
1545;2;5;9;2;9;9;9;9;3;9;9;2;9;9
1546;1;3;9;2;9;9;9;2;9;9;1;9;9;9
1547;2;3;9;9;3;9;9;9;3;9;9;9;3;9
1548;2;2;9;2;9;9;9;9;3;9;9;2;9;9
1549;2;1;1;9;9;9;9;9;3;9;1;9;9;9
1550;2;5;9;2;9;9;9;2;9;9;9;2;9;9
1551;2;5;9;9;3;9;9;2;9;9;9;2;9;9
1552;2;5;9;2;9;9;9;2;9;9;9;2;9;9
1553;1;2;9;9;3;9;9;9;9;4;1;9;9;9
1554;2;5;9;2;9;9;9;2;9;9;9;2;9;9
1555;2;4;9;9;3;9;9;9;3;9;9;9;3;9
1556;1;5;1;9;9;9;9;2;9;9;9;2;9;9
1557;2;4;9;9;3;9;9;9;3;9;9;9;3;9
1558;1;5;9;2;9;9;9;2;9;9;9;2;9;9
1559;2;4;9;2;9;9;9;9;3;9;1;9;9;9
1560;2;4;9;2;9;9;9;9;3;9;9;2;9;9
1561;1;5;1;9;9;9;9;9;3;9;9;2;9;9
1562;2;5;9;2;9;9;9;2;9;9;9;2;9;9
1563;2;3;9;2;9;9;1;9;9;9;9;9;3;9
1564;2;5;9;2;9;9;9;9;3;9;9;9;3;9
1565;2;5;1;9;9;9;9;2;9;9;9;2;9;9
1566;2;2;9;2;9;9;9;9;3;9;9;9;3;9
1567;2;5;9;9;3;9;9;9;3;9;9;2;9;9
1568;1;2;9;9;3;9;9;9;3;9;9;9;3;9
1569;1;5;9;2;9;9;9;2;9;9;1;9;9;9
1570;2;5;9;2;9;9;9;2;9;9;9;2;9;9
1571;1;5;1;9;9;9;9;2;9;9;9;2;9;9
1572;2;3;9;9;3;9;9;2;9;9;9;2;9;9
1573;2;5;9;9;9;4;9;9;9;4;9;9;3;9
1574;2;5;9;9;3;9;9;9;9;4;9;9;3;9
1575;1;2;9;9;3;9;1;9;9;9;9;9;3;9
1576;2;5;9;2;9;9;9;2;9;9;9;9;3;9
1577;2;5;9;9;3;9;9;2;9;9;9;2;9;9
1578;2;5;9;9;3;9;9;9;3;9;9;9;3;9
1579;2;1;9;2;9;9;9;9;3;9;9;9;3;9
1580;2;3;9;9;3;9;9;9;3;9;9;9;3;9
1581;1;5;9;9;3;9;9;9;3;9;9;9;3;9
1582;2;3;1;9;9;9;9;9;3;9;9;9;3;9
1583;2;3;9;9;3;9;9;2;9;9;9;9;3;9
1584;2;5;9;9;3;9;9;2;9;9;9;9;9;9
1585;1;4;9;9;3;9;9;9;9;4;9;9;3;9
1586;2;5;9;9;3;9;9;9;9;4;9;9;3;9
1587;1;5;9;9;3;9;9;9;3;9;9;9;3;9
1588;1;2;9;2;9;9;9;9;3;9;1;9;9;9
1589;2;5;9;9;9;4;9;2;9;9;9;9;3;9
1590;1;5;9;2;9;9;9;2;9;9;9;2;9;9
1591;1;3;9;9;3;9;9;2;9;9;9;9;3;9
1592;2;4;9;2;9;9;9;9;3;9;9;9;3;9
1593;2;5;9;2;9;9;9;2;9;9;1;9;9;9
1594;2;4;9;2;9;9;9;9;3;9;9;9;3;9
1595;2;4;1;9;9;9;9;2;9;9;9;9;3;9
1596;1;5;1;9;9;9;9;2;9;9;9;9;3;9
1597;2;5;9;2;9;9;9;2;9;9;9;2;9;9
1598;2;4;9;2;9;9;9;2;9;9;9;2;9;9
1599;1;2;9;2;9;9;9;9;3;9;1;9;9;9
1600;1;5;9;2;9;9;9;2;9;9;9;2;9;9
1601;2;5;9;9;3;9;9;9;3;9;9;2;9;9
1602;2;4;9;2;9;9;9;9;3;9;1;9;9;9
1603;2;5;9;9;3;9;9;9;3;9;9;9;3;9
1604;1;2;1;9;9;9;9;2;9;9;9;2;9;9
1605;2;3;9;2;9;9;9;9;3;9;9;9;3;9
1606;2;4;9;2;9;9;9;9;3;9;9;2;9;9
1607;2;5;9;9;3;9;9;9;3;9;9;9;3;9
1608;2;5;9;9;3;9;9;9;3;9;9;9;3;9
1609;1;3;9;2;9;9;9;9;3;9;9;9;3;9
1610;2;4;9;9;3;9;9;9;3;9;9;2;9;9
1611;2;4;9;2;9;9;9;2;9;9;9;2;9;9
1612;2;1;1;9;9;9;9;2;9;9;1;9;9;9
1613;1;5;9;2;9;9;9;2;9;9;9;2;9;9
1614;2;5;9;2;9;9;9;9;3;9;9;9;3;9
1615;2;5;9;2;9;9;9;2;9;9;9;9;3;9
1616;1;5;1;9;9;9;9;2;9;9;9;2;9;9
1617;2;5;9;9;3;9;9;2;9;9;9;2;9;9
1618;2;3;9;2;9;9;9;9;3;9;9;2;9;9
1619;1;5;9;2;9;9;9;9;3;9;9;9;3;9
1620;1;2;9;9;3;9;9;9;3;9;9;9;3;9
1621;1;5;1;9;9;9;9;2;9;9;1;9;9;9
1622;2;1;9;9;3;9;9;9;3;9;9;9;3;9
1623;2;5;1;9;9;9;9;9;3;9;1;9;9;9
1624;2;5;9;9;3;9;9;9;3;9;9;9;3;9
1625;2;5;9;2;9;9;9;9;3;9;9;2;9;9
1626;1;5;9;9;3;9;9;9;3;9;9;9;3;9
1627;1;5;9;9;3;9;9;9;3;9;9;2;9;9
1628;2;3;9;9;3;9;9;9;3;9;9;9;3;9
1629;2;2;1;9;9;9;1;9;9;9;1;9;9;9
1630;1;1;9;2;9;9;9;2;9;9;9;2;9;9
1631;2;5;9;2;9;9;1;9;9;9;9;9;3;9
1632;1;2;9;2;9;9;9;2;9;9;1;9;9;9
1633;2;5;1;9;9;9;9;2;9;9;9;2;9;9
1634;1;4;9;9;3;9;9;9;9;4;9;9;3;9
1635;1;5;9;2;9;9;9;2;9;9;9;2;9;9
1636;1;4;9;2;9;9;9;2;9;9;9;2;9;9
1637;1;2;9;2;9;9;9;9;3;9;9;2;9;9
1638;1;5;9;2;9;9;1;9;9;9;9;2;9;9
1639;1;5;9;9;3;9;9;9;9;4;9;9;3;9
1640;1;5;9;9;3;9;9;9;3;9;9;2;9;9
1641;2;3;1;9;9;9;1;9;9;9;1;9;9;9
1642;2;3;9;2;9;9;9;9;3;9;9;2;9;9
1643;1;5;9;2;9;9;9;9;3;9;9;9;9;4
1644;1;2;9;2;9;9;9;2;9;9;9;9;3;9
1645;2;4;9;2;9;9;9;9;3;9;9;2;9;9
1646;2;5;9;9;3;9;9;2;9;9;9;9;3;9
1647;1;5;9;9;3;9;9;9;9;4;9;9;3;9
1648;1;3;9;9;3;9;9;9;3;9;9;2;9;9
1649;1;5;9;9;3;9;9;9;3;9;9;9;3;9
1650;2;5;9;2;9;9;9;9;3;9;9;2;9;9
1651;2;5;9;9;9;9;9;9;3;9;1;9;9;9
1652;2;5;1;9;9;9;1;9;9;9;9;2;9;9
1653;2;4;9;2;9;9;9;2;9;9;9;9;3;9
1654;2;5;9;9;3;9;9;2;9;9;9;2;9;9
1655;1;5;9;9;3;9;9;9;3;9;9;9;3;9
1656;1;1;9;2;9;9;9;9;3;9;9;9;3;9
1657;2;2;9;2;9;9;9;9;3;9;9;9;3;9
1658;2;1;9;2;9;9;9;2;9;9;9;2;9;9
1659;2;4;9;9;3;9;9;9;3;9;9;9;3;9
1660;2;2;9;2;9;9;9;2;9;9;1;9;9;9
1661;2;5;9;2;9;9;9;2;9;9;9;9;9;9
1662;2;5;9;9;3;9;9;2;9;9;1;9;9;9
1663;2;3;9;2;9;9;9;2;9;9;9;2;9;9
1664;2;4;9;2;9;9;9;2;9;9;9;2;9;9
1665;1;4;1;9;9;9;9;2;9;9;9;2;9;9
1666;2;5;9;9;3;9;9;9;3;9;9;9;3;9
1667;2;2;9;9;3;9;9;9;9;4;9;9;3;9
1668;2;4;9;2;9;9;9;9;3;9;9;9;9;4
1669;2;5;9;9;3;9;9;2;9;9;9;9;3;9
1670;2;5;9;2;9;9;9;9;3;9;1;9;9;9
1671;2;3;9;9;3;9;9;9;3;9;9;2;9;9
1672;2;4;9;9;3;9;9;9;3;9;1;9;9;9
1673;1;5;9;9;3;9;9;9;3;9;9;9;3;9
1674;1;5;9;9;3;9;9;9;3;9;9;9;3;9
1675;2;5;9;2;9;9;9;2;9;9;9;2;9;9
1676;1;2;9;2;9;9;9;2;9;9;1;9;9;9
1677;1;5;9;9;3;9;9;9;3;9;9;9;9;4
1678;2;4;9;9;3;9;9;9;9;4;9;2;9;9
1679;2;4;9;2;9;9;9;9;3;9;9;2;9;9
1680;2;5;9;9;3;9;9;2;9;9;9;9;3;9
1681;1;5;9;9;3;9;9;2;9;9;9;9;3;9
1682;2;3;9;2;9;9;9;2;9;9;9;2;9;9
1683;2;4;9;9;3;9;9;9;3;9;9;2;9;9
1684;2;1;9;9;3;9;9;2;9;9;9;9;3;9
1685;2;4;9;2;9;9;9;9;3;9;9;9;3;9
1686;2;2;9;2;9;9;9;2;9;9;9;9;3;9
1687;2;2;9;2;9;9;9;2;9;9;9;2;9;9
1688;2;4;9;9;3;9;9;9;9;4;9;9;3;9
1689;2;5;1;9;9;9;9;9;3;9;9;2;9;9
1690;1;4;9;2;9;9;9;9;3;9;9;2;9;9
1691;2;5;1;9;9;9;1;9;9;9;1;9;9;9
1692;2;2;9;9;3;9;9;9;3;9;9;2;9;9
1693;1;5;9;9;3;9;9;9;3;9;9;9;3;9
1694;2;2;9;9;3;9;9;2;9;9;9;9;3;9
1695;1;5;9;2;9;9;9;2;9;9;9;2;9;9
1696;2;5;9;2;9;9;9;2;9;9;9;2;9;9
1697;1;5;1;9;9;9;9;2;9;9;1;9;9;9
1698;2;3;9;2;9;9;9;2;9;9;9;2;9;9
1699;1;4;9;2;9;9;9;9;3;9;9;9;3;9
1700;2;5;9;2;9;9;9;2;9;9;9;2;9;9
1701;2;1;9;2;9;9;1;9;9;9;9;2;9;9
1702;2;5;9;2;9;9;9;9;3;9;9;2;9;9
1703;2;5;9;2;9;9;9;2;9;9;9;2;9;9
1704;2;3;9;2;9;9;9;9;3;9;9;9;3;9
1705;1;5;1;9;9;9;9;2;9;9;9;9;3;9
1706;2;4;9;2;9;9;9;2;9;9;9;2;9;9
1707;2;5;9;2;9;9;9;2;9;9;9;9;3;9
1708;1;3;9;2;9;9;9;2;9;9;9;2;9;9
1709;2;5;9;9;3;9;9;2;9;9;9;9;3;9
1710;1;5;9;2;9;9;9;9;3;9;9;9;3;9
1711;2;5;1;9;9;9;9;9;3;9;1;9;9;9
1712;2;5;9;2;9;9;9;2;9;9;9;2;9;9
1713;1;5;1;9;9;9;9;2;9;9;9;2;9;9
1714;2;5;9;2;9;9;9;2;9;9;9;2;9;9
1715;2;3;9;2;9;9;9;9;3;9;9;2;9;9
1716;2;5;9;2;9;9;9;2;9;9;1;9;9;9
1717;1;5;9;2;9;9;9;9;3;9;9;2;9;9
1718;2;5;9;2;9;9;9;9;3;9;9;9;3;9
1719;2;5;9;9;3;9;9;2;9;9;9;9;3;9
1720;2;3;9;9;3;9;9;9;3;9;9;2;9;9
1721;2;5;9;9;3;9;9;9;3;9;9;9;3;9
1722;1;5;9;2;9;9;9;2;9;9;9;2;9;9
1723;2;2;9;9;3;9;9;9;3;9;9;9;3;9
1724;2;3;9;9;3;9;9;9;3;9;9;9;3;9
1725;2;5;9;2;9;9;9;2;9;9;9;9;3;9
1726;2;5;9;2;9;9;9;2;9;9;9;2;9;9
1727;2;4;9;9;3;9;9;9;3;9;9;9;3;9
1728;2;5;9;2;9;9;9;2;9;9;9;2;9;9
1729;1;2;9;2;9;9;9;2;9;9;9;9;3;9
1730;2;2;9;2;9;9;1;9;9;9;9;9;3;9
1731;2;4;9;2;9;9;9;2;9;9;9;2;9;9
1732;2;5;9;2;9;9;9;9;3;9;9;2;9;9
1733;2;4;9;2;9;9;9;9;3;9;9;2;9;9
1734;2;5;1;9;9;9;9;2;9;9;1;9;9;9
1735;2;2;9;2;9;9;9;9;3;9;9;2;9;9
1736;2;5;1;9;9;9;9;2;9;9;9;9;3;9
1737;2;3;1;9;9;9;9;9;3;9;9;2;9;9
1738;2;3;9;2;9;9;9;9;3;9;9;9;3;9
1739;2;4;9;2;9;9;9;9;3;9;9;2;9;9
1740;1;5;9;9;3;9;9;9;3;9;9;9;3;9
1741;2;5;9;9;3;9;9;2;9;9;9;9;9;9
1742;1;3;9;2;9;9;9;2;9;9;9;2;9;9
1743;1;4;9;2;9;9;9;2;9;9;9;2;9;9
1744;2;5;9;2;9;9;9;2;9;9;9;9;3;9
1745;2;5;9;2;9;9;9;9;3;9;9;2;9;9
1746;1;3;9;9;3;9;9;9;3;9;9;9;3;9
1747;1;5;9;9;3;9;9;9;9;9;9;9;9;9
1748;2;5;9;2;9;9;9;9;9;4;1;9;9;9
1749;2;2;9;9;3;9;9;2;9;9;9;2;9;9
1750;2;5;9;9;3;9;9;9;3;9;9;2;9;9
1751;2;4;9;2;9;9;9;2;9;9;9;2;9;9
1752;2;3;9;2;9;9;9;2;9;9;9;2;9;9
1753;1;3;9;2;9;9;9;9;3;9;1;9;9;9
1754;2;4;9;2;9;9;9;9;3;9;9;9;3;9
1755;2;3;9;2;9;9;9;2;9;9;9;2;9;9
1756;2;1;9;2;9;9;9;2;9;9;9;9;3;9
1757;2;2;9;9;3;9;9;9;3;9;9;9;3;9
1758;2;5;9;2;9;9;9;9;3;9;9;9;3;9
1759;2;2;9;2;9;9;9;9;3;9;9;2;9;9
1760;2;2;9;9;3;9;9;9;3;9;9;9;3;9
1761;2;3;9;2;9;9;9;2;9;9;9;2;9;9
1762;2;5;9;2;9;9;9;9;3;9;9;2;9;9
1763;2;4;1;9;9;9;1;9;9;9;1;9;9;9
1764;1;5;9;9;3;9;9;9;3;9;1;9;9;9
1765;2;4;9;2;9;9;9;9;3;9;9;2;9;9
1766;1;5;9;2;9;9;9;2;9;9;9;2;9;9
1767;1;5;9;2;9;9;9;2;9;9;1;9;9;9
1768;2;3;9;2;9;9;9;2;9;9;1;9;9;9
1769;2;5;9;2;9;9;9;2;9;9;9;2;9;9
1770;2;5;9;9;9;9;9;9;3;9;1;9;9;9
1771;2;5;9;2;9;9;9;2;9;9;9;9;3;9
1772;1;5;9;9;3;9;9;2;9;9;9;2;9;9
1773;1;1;9;2;9;9;9;2;9;9;9;9;3;9
1774;2;5;9;9;9;4;9;9;9;4;9;9;9;4
1775;2;5;9;2;9;9;9;2;9;9;9;2;9;9
1776;2;5;1;9;9;9;9;2;9;9;9;9;3;9
1777;1;5;9;2;9;9;9;2;9;9;1;9;9;9
1778;2;5;9;2;9;9;9;9;3;9;9;9;3;9
1779;1;5;9;2;9;9;9;2;9;9;9;2;9;9
1780;1;2;9;9;3;9;9;2;9;9;9;9;3;9
1781;2;5;9;2;9;9;9;2;9;9;1;9;9;9
1782;2;5;9;2;9;9;9;9;9;9;9;2;9;9
1783;1;5;1;9;9;9;9;2;9;9;1;9;9;9
1784;1;5;9;9;3;9;9;9;3;9;1;9;9;9
1785;2;2;9;2;9;9;9;9;3;9;9;9;9;9
1786;2;5;9;2;9;9;9;2;9;9;9;9;3;9
1787;2;5;9;2;9;9;9;2;9;9;9;2;9;9
1788;2;5;9;9;3;9;9;9;3;9;9;9;3;9
1789;2;5;9;9;3;9;9;9;3;9;9;9;3;9
1790;1;5;9;9;9;4;9;9;3;9;9;9;9;4
1791;2;5;9;2;9;9;9;2;9;9;9;9;9;4
1792;2;5;9;9;3;9;9;2;9;9;9;9;3;9
1793;2;5;9;9;3;9;9;9;3;9;9;2;9;9
1794;1;5;9;2;9;9;9;2;9;9;9;2;9;9
1795;2;5;9;9;3;9;9;9;3;9;9;9;9;4
1796;2;5;9;2;9;9;9;9;9;9;1;9;9;9
1797;2;5;9;2;9;9;9;2;9;9;1;9;9;9
1798;1;5;9;2;9;9;9;9;9;9;9;2;9;9
1799;2;5;1;9;9;9;9;2;9;9;9;2;9;9
1800;2;5;9;2;9;9;9;2;9;9;9;2;9;9
1801;1;5;9;9;3;9;9;9;3;9;9;9;3;9
1802;1;4;9;2;9;9;9;2;9;9;9;2;9;9
1803;1;3;1;9;9;9;1;9;9;9;1;9;9;9
1804;2;4;9;9;3;9;9;2;9;9;9;2;9;9
1805;2;5;9;2;9;9;9;2;9;9;9;2;9;9
1806;2;4;9;9;3;9;9;9;3;9;9;2;9;9
1807;1;1;1;9;9;9;1;9;9;9;1;9;9;9
1808;2;1;9;2;9;9;9;2;9;9;1;9;9;9
1809;1;4;9;2;9;9;9;2;9;9;9;2;9;9
1810;2;5;9;2;9;9;9;2;9;9;9;2;9;9
1811;1;5;9;2;9;9;9;9;3;9;9;9;3;9
1812;2;5;9;2;9;9;9;2;9;9;9;2;9;9
1813;1;5;9;2;9;9;9;9;3;9;9;2;9;9
1814;1;5;9;2;9;9;9;2;9;9;1;9;9;9
1815;1;4;9;9;3;9;9;9;9;4;9;9;3;9
1816;2;5;9;9;3;9;9;9;3;9;9;2;9;9
1817;1;1;9;9;9;4;9;9;3;9;9;9;3;9
1818;1;5;1;9;9;9;1;9;9;9;9;2;9;9
1819;2;2;9;2;9;9;9;2;9;9;9;2;9;9
1820;2;5;1;9;9;9;9;9;3;9;9;2;9;9
1821;1;5;9;2;9;9;9;2;9;9;9;9;3;9
1822;2;5;9;2;9;9;9;2;9;9;9;9;3;9
1823;1;5;9;2;9;9;9;2;9;9;9;9;3;9
1824;1;3;9;2;9;9;9;2;9;9;9;2;9;9
1825;2;5;9;2;9;9;9;9;3;9;9;2;9;9
1826;1;5;9;9;3;9;9;9;3;9;9;9;3;9
1827;1;5;9;2;9;9;9;2;9;9;9;2;9;9
1828;1;5;9;9;3;9;9;9;3;9;9;9;3;9
1829;2;5;9;2;9;9;9;2;9;9;9;9;3;9
1830;1;4;9;2;9;9;9;2;9;9;9;9;3;9
1831;2;5;9;2;9;9;1;9;9;9;1;9;9;9
1832;2;1;9;9;3;9;9;9;3;9;9;2;9;9
1833;2;5;9;2;9;9;9;9;3;9;9;9;3;9
1834;2;5;9;9;3;9;9;2;9;9;1;9;9;9
1835;1;5;9;2;9;9;9;2;9;9;9;9;3;9
1836;2;5;9;2;9;9;9;2;9;9;9;9;9;9
1837;2;5;9;2;9;9;9;2;9;9;9;2;9;9
1838;1;1;9;9;3;9;9;2;9;9;9;9;3;9
1839;1;5;9;2;9;9;9;9;3;9;9;9;3;9
1840;2;5;1;9;9;9;9;2;9;9;1;9;9;9
1841;2;5;9;2;9;9;9;9;3;9;9;9;3;9
1842;2;2;9;9;3;9;9;9;3;9;9;9;3;9
1843;1;5;9;9;3;9;9;9;3;9;9;9;3;9
1844;1;5;9;2;9;9;9;2;9;9;9;9;3;9
1845;1;5;9;2;9;9;9;9;3;9;9;9;3;9
1846;2;5;9;2;9;9;9;2;9;9;9;2;9;9
1847;2;5;9;9;3;9;9;9;3;9;1;9;9;9
1848;2;4;9;2;9;9;9;9;9;9;9;2;9;9
1849;2;5;9;9;3;9;9;9;3;9;9;9;3;9
1850;2;4;9;2;9;9;9;9;3;9;9;9;3;9
1851;1;3;9;2;9;9;9;2;9;9;1;9;9;9
1852;2;5;9;2;9;9;9;9;9;9;9;9;3;9
1853;1;5;9;9;3;9;9;9;3;9;1;9;9;9
1854;2;5;9;2;9;9;9;2;9;9;9;2;9;9
1855;2;4;9;2;9;9;9;9;3;9;9;9;3;9
1856;1;3;9;9;3;9;9;9;3;9;9;2;9;9
1857;1;4;9;2;9;9;9;9;3;9;1;9;9;9
1858;1;5;9;2;9;9;9;9;3;9;9;2;9;9
1859;2;4;9;2;9;9;9;9;3;9;1;9;9;9
1860;1;5;9;2;9;9;9;2;9;9;9;2;9;9
1861;2;5;9;2;9;9;9;2;9;9;9;2;9;9
1862;2;3;1;9;9;9;9;2;9;9;9;2;9;9
1863;2;5;9;2;9;9;9;2;9;9;9;2;9;9
1864;1;3;9;2;9;9;9;2;9;9;9;2;9;9
1865;1;3;9;9;3;9;9;9;3;9;1;9;9;9
1866;2;5;9;2;9;9;9;2;9;9;9;2;9;9
1867;1;5;9;2;9;9;9;9;3;9;9;9;3;9
1868;2;5;9;2;9;9;9;2;9;9;9;2;9;9
1869;2;3;9;9;3;9;9;9;3;9;9;9;3;9
1870;2;5;9;2;9;9;9;9;3;9;9;9;3;9
1871;2;5;9;2;9;9;9;9;3;9;1;9;9;9
1872;2;5;9;2;9;9;9;2;9;9;1;9;9;9
1873;1;4;1;9;9;9;1;9;9;9;9;9;3;9
1874;1;1;9;9;3;9;9;9;9;4;1;9;9;9
1875;2;5;9;9;3;9;9;2;9;9;9;2;9;9
1876;2;5;9;2;9;9;9;9;3;9;9;2;9;9
1877;2;5;9;9;3;9;9;9;3;9;9;2;9;9
1878;2;2;9;9;3;9;9;9;3;9;9;9;3;9
1879;2;5;9;2;9;9;9;2;9;9;9;2;9;9
1880;2;5;9;2;9;9;9;9;3;9;9;9;3;9
1881;1;5;9;2;9;9;9;9;3;9;9;9;3;9
1882;2;5;1;9;9;9;1;9;9;9;1;9;9;9
1883;1;5;9;2;9;9;9;2;9;9;9;9;3;9
1884;2;5;9;9;3;9;9;9;3;9;9;9;3;9
1885;2;5;9;2;9;9;9;9;3;9;9;2;9;9
1886;1;3;9;9;3;9;1;9;9;9;9;9;3;9
1887;1;3;9;2;9;9;9;2;9;9;9;2;9;9
1888;2;5;9;9;3;9;9;9;3;9;9;2;9;9
1889;2;5;9;2;9;9;9;9;3;9;9;2;9;9
1890;2;5;9;2;9;9;9;9;3;9;9;9;3;9
1891;2;5;9;2;9;9;9;2;9;9;9;2;9;9
1892;1;5;9;2;9;9;9;2;9;9;9;9;3;9
1893;2;5;9;2;9;9;9;2;9;9;1;9;9;9
1894;2;5;9;2;9;9;9;9;3;9;9;9;3;9
1895;2;2;9;2;9;9;1;9;9;9;1;9;9;9
1896;1;2;9;2;9;9;9;2;9;9;1;9;9;9
1897;1;3;9;2;9;9;9;2;9;9;9;9;3;9
1898;2;5;9;2;9;9;9;2;9;9;9;2;9;9
1899;1;5;9;9;3;9;9;9;3;9;9;9;9;4
1900;2;2;9;2;9;9;9;2;9;9;9;2;9;9
1901;2;5;9;2;9;9;9;2;9;9;9;9;3;9
1902;2;5;9;9;3;9;9;2;9;9;9;9;3;9
1903;2;5;9;2;9;9;9;9;9;9;9;9;3;9
1904;2;1;9;2;9;9;9;2;9;9;9;2;9;9
1905;1;1;9;9;9;4;9;9;3;9;9;9;3;9
1906;2;5;9;2;9;9;9;2;9;9;9;2;9;9
1907;1;5;1;9;9;9;9;9;3;9;1;9;9;9
1908;2;5;9;9;3;9;9;9;3;9;9;9;3;9
1909;1;3;9;9;3;9;9;9;3;9;9;9;3;9
1910;2;3;9;2;9;9;9;9;3;9;9;9;3;9
1911;2;4;9;2;9;9;9;2;9;9;9;2;9;9
1912;1;4;9;2;9;9;9;9;3;9;9;2;9;9
1913;1;5;1;9;9;9;1;9;9;9;9;9;3;9
1914;2;5;9;9;9;4;9;9;9;4;9;9;9;4
1915;1;5;9;2;9;9;9;2;9;9;9;2;9;9
1916;1;5;9;2;9;9;9;2;9;9;9;2;9;9
1917;2;3;9;9;3;9;9;9;3;9;9;9;3;9
1918;1;3;9;9;3;9;9;9;3;9;9;9;3;9
1919;1;4;9;9;3;9;9;9;3;9;9;9;3;9
1920;1;5;9;2;9;9;9;2;9;9;9;2;9;9
1921;2;5;9;2;9;9;9;2;9;9;1;9;9;9
1922;2;5;9;2;9;9;9;2;9;9;9;9;3;9
1923;2;5;9;2;9;9;9;2;9;9;9;2;9;9
1924;2;5;9;2;9;9;9;2;9;9;9;2;9;9
1925;1;1;1;9;9;9;9;9;3;9;9;9;3;9
1926;1;5;9;2;9;9;9;9;3;9;1;9;9;9
1927;2;5;9;9;3;9;9;9;3;9;9;9;3;9
1928;1;5;9;2;9;9;9;9;3;9;9;9;3;9
1929;1;4;9;2;9;9;9;2;9;9;9;9;3;9
1930;2;5;9;2;9;9;9;2;9;9;9;9;3;9
1931;2;2;1;9;9;9;9;9;9;4;1;9;9;9
1932;2;3;9;2;9;9;9;9;3;9;9;9;3;9
1933;2;3;9;2;9;9;9;2;9;9;9;2;9;9
1934;2;5;9;2;9;9;9;2;9;9;9;9;3;9
1935;2;1;9;2;9;9;9;9;3;9;9;9;3;9
1936;1;4;9;9;3;9;9;9;3;9;1;9;9;9
1937;2;3;9;2;9;9;1;9;9;9;9;2;9;9
1938;2;4;9;2;9;9;9;9;9;4;9;9;3;9
1939;1;1;9;9;3;9;9;9;3;9;9;9;3;9
1940;1;1;9;2;9;9;9;2;9;9;9;2;9;9
1941;2;3;9;9;3;9;9;9;3;9;9;2;9;9
1942;1;5;9;2;9;9;9;2;9;9;1;9;9;9
1943;1;4;9;9;3;9;1;9;9;9;9;2;9;9
1944;2;5;9;2;9;9;9;2;9;9;9;9;3;9
1945;2;4;9;2;9;9;1;9;9;9;1;9;9;9
1946;1;4;9;2;9;9;1;9;9;9;1;9;9;9
1947;1;4;1;9;9;9;9;2;9;9;1;9;9;9
1948;1;5;9;2;9;9;9;2;9;9;9;9;3;9
1949;1;5;9;2;9;9;9;2;9;9;9;2;9;9
1950;1;5;9;9;3;9;9;2;9;9;9;9;9;9
1951;1;3;9;9;3;9;1;9;9;9;9;2;9;9
1952;2;2;9;2;9;9;9;2;9;9;1;9;9;9
1953;2;5;9;9;3;9;9;9;3;9;9;9;3;9
1954;2;2;9;2;9;9;9;9;3;9;1;9;9;9
1955;2;5;9;9;3;9;9;2;9;9;9;9;3;9
1956;2;1;9;9;3;9;9;2;9;9;1;9;9;9
1957;1;4;9;9;3;9;9;9;3;9;9;2;9;9
1958;1;2;9;9;3;9;9;2;9;9;9;2;9;9
1959;2;5;9;9;9;9;9;9;3;9;9;9;3;9
1960;1;4;9;2;9;9;9;2;9;9;9;2;9;9
1961;2;5;9;9;3;9;9;9;3;9;9;2;9;9
1962;2;3;9;2;9;9;9;9;3;9;9;9;3;9
1963;1;5;9;9;3;9;9;9;3;9;9;2;9;9
1964;2;5;9;2;9;9;9;2;9;9;9;2;9;9
1965;2;5;1;9;9;9;9;2;9;9;9;2;9;9
1966;1;5;9;2;9;9;9;2;9;9;1;9;9;9
1967;1;4;9;2;9;9;9;9;3;9;9;2;9;9
1968;2;1;9;9;3;9;9;9;3;9;9;9;3;9
1969;2;5;9;2;9;9;9;2;9;9;9;2;9;9
1970;1;5;9;2;9;9;9;2;9;9;9;2;9;9
1971;2;4;9;2;9;9;9;9;3;9;9;2;9;9
1972;2;5;9;2;9;9;9;2;9;9;9;2;9;9
1973;1;5;9;9;3;9;9;9;9;4;9;9;3;9
1974;1;2;9;2;9;9;9;9;3;9;9;9;3;9
1975;1;5;9;2;9;9;9;2;9;9;9;9;3;9
1976;1;4;9;2;9;9;9;9;3;9;9;2;9;9
1977;2;5;9;2;9;9;9;2;9;9;9;2;9;9
1978;1;5;1;9;9;9;9;2;9;9;1;9;9;9
1979;2;4;9;2;9;9;9;2;9;9;9;2;9;9
1980;2;2;9;2;9;9;9;9;3;9;9;9;3;9
1981;2;5;9;2;9;9;9;9;3;9;1;9;9;9
1982;2;5;9;9;3;9;9;9;9;4;9;9;3;9
1983;1;4;9;9;3;9;9;2;9;9;9;9;3;9
1984;2;3;9;9;3;9;9;9;3;9;9;9;3;9
1985;2;5;9;2;9;9;9;2;9;9;9;2;9;9
1986;2;5;9;2;9;9;9;9;3;9;9;2;9;9
1987;1;5;9;2;9;9;9;2;9;9;9;2;9;9
1988;1;3;9;2;9;9;9;2;9;9;9;9;3;9
1989;1;2;9;2;9;9;1;9;9;9;9;9;3;9
1990;2;2;9;9;3;9;9;9;3;9;9;9;3;9
1991;2;5;9;9;3;9;9;2;9;9;9;2;9;9
1992;1;1;9;9;3;9;9;9;3;9;9;9;3;9
1993;1;3;1;9;9;9;1;9;9;9;1;9;9;9
1994;1;4;9;2;9;9;9;2;9;9;9;2;9;9
1995;1;3;9;9;3;9;9;9;3;9;9;9;3;9
1996;2;3;9;2;9;9;9;9;3;9;9;2;9;9
1997;1;3;9;2;9;9;9;2;9;9;9;9;3;9
1998;1;4;9;2;9;9;9;2;9;9;9;9;3;9
1999;2;3;9;2;9;9;9;9;3;9;9;9;3;9
2000;2;4;9;2;9;9;9;9;3;9;9;9;3;9
2001;2;4;9;9;3;9;9;9;3;9;9;9;3;9
2002;1;2;9;2;9;9;9;9;3;9;1;9;9;9
2003;2;5;9;2;9;9;9;9;3;9;9;9;3;9
2004;2;3;9;2;9;9;9;2;9;9;9;9;3;9
2005;1;3;9;2;9;9;9;2;9;9;9;2;9;9
2006;1;2;1;9;9;9;9;2;9;9;9;2;9;9
2007;2;5;9;2;9;9;9;2;9;9;9;2;9;9
2008;1;1;9;9;3;9;9;9;3;9;9;9;3;9
2009;2;4;9;2;9;9;9;2;9;9;9;2;9;9
2010;2;5;9;2;9;9;9;2;9;9;9;2;9;9
2011;2;5;9;9;3;9;9;9;3;9;9;2;9;9